StockCode,Predicted_7d_Demand,Current_Stock,OverstockRatio,Objective,TargetCluster,Discount
10133,10.275503,19,1.8490579001339398,Clear Stock,At-Risk Customers,40
10135,10.892109,26,2.3870491931360585,Clear Stock,At-Risk Customers,50
15036,78.67598,87,1.1058012877627963,Maximize Profit,VIP Customers,5
15056BL,30.694668,33,1.0751052919028152,Maximize Profit,VIP Customers,5
15056N,35.394714,43,1.2148706724964637,Maximize Profit,VIP Customers,5
16008,18.866154,32,1.6961591641836484,Clear Stock,At-Risk Customers,40
16014,14.270042,34,2.382613870372631,Clear Stock,At-Risk Customers,50
16045,51.429504,76,1.4777509812266514,Maximize Profit,VIP Customers,5
16156S,42.364445,99,2.336865265200571,Customer Acquisition,New Customers,30
16161P,53.62366,68,1.268096955709476,Maximize Profit,VIP Customers,5
16169E,77.30081,191,2.470866734772896,Customer Acquisition,New Customers,30
16216,10.007176,17,1.698780954786845,Clear Stock,At-Risk Customers,40
16218,17.107687,38,2.2212237107213855,Clear Stock,At-Risk Customers,50
16235,12.64719,24,1.8976547359532039,Clear Stock,At-Risk Customers,40
16237,37.303234,60,1.608439632874726,Customer Acquisition,New Customers,20
17003,115.13216,110,0.9554237495413966,Maximize Profit,VIP Customers,5
20668,132.92653,109,0.8200018461325966,Maximize Profit,VIP Customers,5
20676,33.45759,53,1.584094969183375,Customer Acquisition,New Customers,20
20677,22.926434,43,1.8755642504194066,Clear Stock,At-Risk Customers,40
20685,37.188137,81,2.17811395069347,Customer Acquisition,New Customers,30
20711,31.138683,55,1.766291785686633,Customer Acquisition,New Customers,20
20712,92.097786,78,0.8469258967854015,Maximize Profit,VIP Customers,5
20713,101.45746,241,2.375379789716794,Customer Acquisition,New Customers,30
20718,49.565342,116,2.3403449934835514,Customer Acquisition,New Customers,30
20719,90.67296,122,1.3454948421227233,Maximize Profit,VIP Customers,5
20723,77.65167,188,2.4210683427671293,Customer Acquisition,New Customers,30
20724,192.34076,424,2.204420945409595,Customer Acquisition,New Customers,30
20725,311.93292,339,1.0867721175437333,Maximize Profit,VIP Customers,5
20726,125.15772,158,1.2624071451605223,Maximize Profit,VIP Customers,5
20727,200.526,441,2.1992160617575776,Customer Acquisition,New Customers,30
20728,166.48573,188,1.129225910232667,Maximize Profit,VIP Customers,5
20749,18.847027,42,2.2284681822761754,Clear Stock,At-Risk Customers,50
20750,20.323826,40,1.9681333622911354,Clear Stock,At-Risk Customers,40
20828,11.39386,18,1.5797982422111558,Clear Stock,At-Risk Customers,40
20829,14.327476,24,1.6751031374960947,Clear Stock,At-Risk Customers,40
20914,93.58806,232,2.478948703499143,Customer Acquisition,New Customers,30
20956,10.32864,23,2.2268178579174025,Clear Stock,At-Risk Customers,50
20971,94.5606,109,1.152699961717671,Maximize Profit,VIP Customers,5
20972,112.15346,206,1.8367690127437888,Customer Acquisition,New Customers,20
20973,52.167286,104,1.993586555374953,Customer Acquisition,New Customers,20
20974,46.758224,97,2.0745013754157986,Customer Acquisition,New Customers,30
20975,76.77925,159,2.070872012946206,Customer Acquisition,New Customers,30
20979,40.48605,64,1.5807914083986954,Customer Acquisition,New Customers,20
20981,24.031425,54,2.2470577587471405,Clear Stock,At-Risk Customers,50
20982,30.087471,36,1.1965113319095513,Maximize Profit,VIP Customers,5
20983,32.20808,23,0.7141065223384939,Maximize Profit,VIP Customers,5
20992,46.313725,88,1.9000846941160532,Customer Acquisition,New Customers,20
20996,30.251204,74,2.446183629583801,Customer Acquisition,New Customers,30
21034,34.036293,76,2.2329106169111896,Customer Acquisition,New Customers,30
21078,10.64022,17,1.5977113255177056,Clear Stock,At-Risk Customers,40
21080,131.02272,85,0.6487424471114629,Maximize Profit,VIP Customers,5
21086,47.308235,52,1.099174382641838,Maximize Profit,VIP Customers,5
21088,12.771811,23,1.8008409300764003,Clear Stock,At-Risk Customers,40
21094,54.0678,105,1.9420061478366053,Customer Acquisition,New Customers,20
21098,25.656494,57,2.221659748210336,Clear Stock,At-Risk Customers,50
21108,97.09178,77,0.7930640472344826,Maximize Profit,VIP Customers,5
21114,14.251671,31,2.175183527601781,Clear Stock,At-Risk Customers,50
21121,54.488194,121,2.220664535146825,Customer Acquisition,New Customers,30
21122,40.781673,86,2.1087903872898988,Customer Acquisition,New Customers,30
21124,30.12906,75,2.4892910698176447,Customer Acquisition,New Customers,30
21135,19.091333,35,1.8332926255070823,Clear Stock,At-Risk Customers,40
21136,60.04513,104,1.7320305576821966,Customer Acquisition,New Customers,20
21137,73.85247,89,1.2051052591741347,Maximize Profit,VIP Customers,5
21154,28.608625,45,1.5729522128379116,Clear Stock,At-Risk Customers,40
21155,22.314035,36,1.613334387975998,Clear Stock,At-Risk Customers,40
21156,36.02731,81,2.248294418872794,Customer Acquisition,New Customers,30
21162,12.702885,24,1.889334588166389,Clear Stock,At-Risk Customers,40
21165,35.71498,18,0.5039902024304648,Maximize Profit,VIP Customers,5
21166,101.40183,121,1.193272350213009,Maximize Profit,VIP Customers,5
21169,41.70315,53,1.2708872111579101,Maximize Profit,VIP Customers,5
21172,40.57365,93,2.2921280190468445,Customer Acquisition,New Customers,30
21174,43.34737,66,1.5225837230724726,Customer Acquisition,New Customers,20
21175,112.88116,233,2.0641176968769637,Customer Acquisition,New Customers,30
21181,137.7578,240,1.7421881011456337,Customer Acquisition,New Customers,20
21207,10.205281,18,1.7637926873351162,Clear Stock,At-Risk Customers,40
21210,61.03853,35,0.5734083045577932,Maximize Profit,VIP Customers,5
21212,366.34076,387,1.0563935064173586,Maximize Profit,VIP Customers,5
21213,168.84337,144,0.8528614419387626,Maximize Profit,VIP Customers,5
21231,72.67784,76,1.045710769610104,Maximize Profit,VIP Customers,5
21232,107.24096,226,2.1074037382731374,Customer Acquisition,New Customers,30
21238,26.528704,52,1.9601409854020762,Clear Stock,At-Risk Customers,40
21243,13.280932,23,1.7318061714343542,Clear Stock,At-Risk Customers,40
21313,16.178957,29,1.7924517631142725,Clear Stock,At-Risk Customers,40
21314,39.753048,93,2.3394432547662762,Customer Acquisition,New Customers,30
21326,80.33563,58,0.7219710606613778,Maximize Profit,VIP Customers,5
21329,10.17388,16,1.5726546804169106,Clear Stock,At-Risk Customers,40
21385,20.121174,46,2.286148909601398,Clear Stock,At-Risk Customers,50
21394,14.800699,23,1.5539806599674786,Clear Stock,At-Risk Customers,40
21430,19.615898,46,2.3450366636286546,Clear Stock,At-Risk Customers,50
21479,34.369736,48,1.3965775006243863,Maximize Profit,VIP Customers,5
21481,46.839905,39,0.8326233795734641,Maximize Profit,VIP Customers,5
21485,51.233627,119,2.322693257691867,Customer Acquisition,New Customers,30
21494,19.408018,47,2.421679534716013,Clear Stock,At-Risk Customers,50
21495,43.974155,35,0.7959220592186478,Maximize Profit,VIP Customers,5
21497,84.42623,56,0.6633009670098973,Maximize Profit,VIP Customers,5
21498,117.61156,293,2.4912517102910634,Customer Acquisition,New Customers,30
21499,52.801502,79,1.4961695597219944,Maximize Profit,VIP Customers,5
21500,59.525993,100,1.6799383758285225,Customer Acquisition,New Customers,20
21504,14.819,29,1.9569471624266144,Clear Stock,At-Risk Customers,40
21506,38.33554,35,0.9129909217399833,Maximize Profit,VIP Customers,5
21507,30.192297,69,2.285351127805877,Customer Acquisition,New Customers,30
21509,31.843328,28,0.8793050776602245,Maximize Profit,VIP Customers,5
21519,25.453127,41,1.6108040477698478,Clear Stock,At-Risk Customers,40
21523,25.466373,52,2.0419083628438175,Clear Stock,At-Risk Customers,50
21533,11.501012,27,2.347619496440835,Clear Stock,At-Risk Customers,50
21559,33.63122,61,1.8137908764534858,Customer Acquisition,New Customers,20
21584,13.249854,28,2.11323083258125,Clear Stock,At-Risk Customers,50
21588,14.129646,23,1.6277831730533094,Clear Stock,At-Risk Customers,40
21592,18.69392,29,1.5513065210506947,Clear Stock,At-Risk Customers,40
21615,10.905133,24,2.2007984680241868,Clear Stock,At-Risk Customers,50
21616,10.535351,22,2.0882075974497667,Clear Stock,At-Risk Customers,50
21620,10.242694,16,1.5620890363414157,Clear Stock,At-Risk Customers,40
21621,23.324804,41,1.757785403041329,Clear Stock,At-Risk Customers,40
21642,24.42597,41,1.678541323026271,Clear Stock,At-Risk Customers,40
21668,48.703495,45,0.9239583319431183,Maximize Profit,VIP Customers,5
21669,53.34159,29,0.5436658337331153,Maximize Profit,VIP Customers,5
21670,41.67109,42,1.0078930020788994,Maximize Profit,VIP Customers,5
21671,39.200832,66,1.6836377350358278,Customer Acquisition,New Customers,20
21672,41.206043,24,0.5824388427687657,Maximize Profit,VIP Customers,5
21673,33.663612,50,1.4852832785739094,Maximize Profit,VIP Customers,5
21703,53.700714,118,2.1973637073056422,Customer Acquisition,New Customers,30
21704,57.640038,57,0.9888959476397292,Maximize Profit,VIP Customers,5
21731,152.15726,112,0.7360805524494854,Maximize Profit,VIP Customers,5
21733,89.417244,169,1.8900157557976178,Customer Acquisition,New Customers,20
21754,34.46473,72,2.0890922400958893,Customer Acquisition,New Customers,30
21755,22.884804,57,2.4907357738348996,Clear Stock,At-Risk Customers,50
21787,53.26513,127,2.384299071456317,Customer Acquisition,New Customers,30
21790,226.66129,302,1.3323845461216601,Maximize Profit,VIP Customers,5
21791,100.306305,226,2.2530986461917824,Customer Acquisition,New Customers,30
21802,11.911986,28,2.3505736155163377,Clear Stock,At-Risk Customers,50
21803,11.920322,21,1.7616973769668303,Clear Stock,At-Risk Customers,40
21810,78.657104,161,2.0468589842819536,Customer Acquisition,New Customers,30
21811,77.90521,93,1.193758414873665,Maximize Profit,VIP Customers,5
21818,47.12387,60,1.2732400798151766,Maximize Profit,VIP Customers,5
21819,33.93202,68,2.0040068348421345,Customer Acquisition,New Customers,30
21829,33.848034,76,2.24532981738319,Customer Acquisition,New Customers,30
21833,23.017565,52,2.259144266563383,Clear Stock,At-Risk Customers,50
21871,30.841837,50,1.6211745104547435,Customer Acquisition,New Customers,20
21874,14.724364,30,2.037439443903995,Clear Stock,At-Risk Customers,50
21875,11.252301,20,1.7774142373191049,Clear Stock,At-Risk Customers,40
21876,16.741667,36,2.1503235012379593,Clear Stock,At-Risk Customers,50
21877,33.37327,74,2.217343400871416,Customer Acquisition,New Customers,30
21888,23.955454,54,2.2541839532659242,Clear Stock,At-Risk Customers,50
21889,102.839714,230,2.23649007814238,Customer Acquisition,New Customers,30
21891,56.361168,121,2.146868212525333,Customer Acquisition,New Customers,30
21892,45.233646,34,0.7516528736153615,Maximize Profit,VIP Customers,5
21901,18.514275,32,1.7283960619575975,Clear Stock,At-Risk Customers,40
21902,16.686222,41,2.4571170154634165,Clear Stock,At-Risk Customers,50
21907,19.232386,39,2.027829516316904,Clear Stock,At-Risk Customers,50
21908,38.69793,27,0.6977117380697108,Maximize Profit,VIP Customers,5
21912,17.207388,41,2.3826974785481676,Clear Stock,At-Risk Customers,50
21914,120.55185,212,1.7585793996525145,Customer Acquisition,New Customers,20
21915,184.13617,435,2.3623821436060064,Customer Acquisition,New Customers,30
21916,33.927822,23,0.6779097107972331,Maximize Profit,VIP Customers,5
21917,27.372704,64,2.338095644478529,Clear Stock,At-Risk Customers,50
21918,48.61026,91,1.8720327766195861,Customer Acquisition,New Customers,20
21928,97.3298,169,1.7363644022693974,Customer Acquisition,New Customers,20
21929,104.68429,61,0.5827044344476139,Maximize Profit,VIP Customers,5
21930,71.82906,161,2.2414326457843106,Customer Acquisition,New Customers,30
21931,177.67987,434,2.442595213515183,Customer Acquisition,New Customers,30
21932,17.236357,42,2.4367097989441735,Clear Stock,At-Risk Customers,50
21933,14.1316185,28,1.9813724804416422,Clear Stock,At-Risk Customers,40
21935,15.929869,32,2.0088049688293106,Clear Stock,At-Risk Customers,50
21967,27.558744,57,2.0683090637222072,Clear Stock,At-Risk Customers,50
21975,102.34771,190,1.8564167190453014,Customer Acquisition,New Customers,20
21976,43.165318,78,1.8070062636860453,Customer Acquisition,New Customers,20
21977,188.73387,197,1.0437978090525035,Maximize Profit,VIP Customers,5
21980,60.714733,145,2.3882176999773677,Customer Acquisition,New Customers,30
21981,42.29268,33,0.7802768706073959,Maximize Profit,VIP Customers,5
21982,62.399384,85,1.362192934468712,Maximize Profit,VIP Customers,5
21983,17.986666,42,2.335063096184696,Clear Stock,At-Risk Customers,50
21984,44.912186,60,1.3359403169554027,Maximize Profit,VIP Customers,5
21985,72.00799,127,1.7636931679387244,Customer Acquisition,New Customers,20
21988,21.29397,52,2.442005882416477,Clear Stock,At-Risk Customers,50
21990,16.210117,37,2.2825251662279795,Clear Stock,At-Risk Customers,50
22024,14.939345,33,2.20893218544722,Clear Stock,At-Risk Customers,50
22026,11.961913,29,2.424361387681051,Clear Stock,At-Risk Customers,50
22027,35.637257,31,0.8698761523649253,Maximize Profit,VIP Customers,5
22028,24.834044,55,2.2147017215561027,Clear Stock,At-Risk Customers,50
22029,76.84003,157,2.0432058654844356,Customer Acquisition,New Customers,30
22030,24.486197,49,2.001127410679576,Clear Stock,At-Risk Customers,50
22037,32.94183,57,1.7303228144884482,Customer Acquisition,New Customers,20
22041,31.011217,23,0.7416671199972578,Maximize Profit,VIP Customers,5
22045,56.617817,83,1.4659696257805206,Maximize Profit,VIP Customers,5
22047,22.924416,38,1.65762128902215,Clear Stock,At-Risk Customers,40
22049,11.209244,23,2.0518778964932873,Clear Stock,At-Risk Customers,50
22065,98.023895,242,2.4687857996256932,Customer Acquisition,New Customers,30
22077,140.32735,92,0.655609900707168,Maximize Profit,VIP Customers,5
22080,20.386988,33,1.6186795224483381,Clear Stock,At-Risk Customers,40
22082,37.871506,79,2.086001016172951,Customer Acquisition,New Customers,30
22083,58.886353,53,0.9000387577067305,Maximize Profit,VIP Customers,5
22086,396.14917,702,1.7720597521383168,Customer Acquisition,New Customers,20
22087,12.160018,23,1.8914445685853425,Clear Stock,At-Risk Customers,40
22090,55.324875,33,0.5964767204625406,Maximize Profit,VIP Customers,5
22091,18.633202,29,1.556361595822339,Clear Stock,At-Risk Customers,40
22093,18.131304,40,2.2061292447581264,Clear Stock,At-Risk Customers,50
22094,19.431614,37,1.904113574919716,Clear Stock,At-Risk Customers,40
22095,11.068727,23,2.0779263956912115,Clear Stock,At-Risk Customers,50
22097,11.836586,25,2.1120954978065467,Clear Stock,At-Risk Customers,50
22099,11.498097,26,2.261243751900858,Clear Stock,At-Risk Customers,50
22110,12.989621,29,2.2325516656721547,Clear Stock,At-Risk Customers,50
22111,82.801735,77,0.9299322049230008,Maximize Profit,VIP Customers,5
22112,129.40367,317,2.4496986831980885,Customer Acquisition,New Customers,30
22113,53.29565,62,1.1633219596721307,Maximize Profit,VIP Customers,5
22114,106.23295,91,0.8566080486327453,Maximize Profit,VIP Customers,5
22115,19.550856,40,2.0459462235310824,Clear Stock,At-Risk Customers,50
22131,15.456166,34,2.1997693347755196,Clear Stock,At-Risk Customers,50
22138,100.009605,58,0.5799442963503356,Maximize Profit,VIP Customers,5
22139,79.77612,178,2.2312441367166014,Customer Acquisition,New Customers,30
22141,67.07675,111,1.6548207836545448,Customer Acquisition,New Customers,20
22142,71.499756,98,1.37063404803787,Maximize Profit,VIP Customers,5
22144,89.66768,132,1.4721023227098102,Maximize Profit,VIP Customers,5
22147,48.118736,64,1.3300432496813717,Maximize Profit,VIP Customers,5
22149,41.165703,69,1.6761525972239562,Customer Acquisition,New Customers,20
22150,40.889435,95,2.3233385347584283,Customer Acquisition,New Customers,30
22151,81.932655,75,0.9153859349486478,Maximize Profit,VIP Customers,5
22152,24.146751,42,1.7393644387188987,Clear Stock,At-Risk Customers,40
22153,26.318756,46,1.7478029736663845,Clear Stock,At-Risk Customers,40
22154,45.831284,90,1.9637241670994863,Customer Acquisition,New Customers,20
22156,17.421045,33,1.8942606485431845,Clear Stock,At-Risk Customers,40
22158,63.24157,54,0.8538687448777758,Maximize Profit,VIP Customers,5
22161,50.347893,49,0.9732284129546395,Maximize Profit,VIP Customers,5
22174,17.80139,43,2.4155417076981065,Clear Stock,At-Risk Customers,50
22178,250.95602,513,2.044182881127936,Customer Acquisition,New Customers,30
22185,11.76802,18,1.5295691203787893,Clear Stock,At-Risk Customers,40
22187,21.303972,45,2.1122821603408037,Clear Stock,At-Risk Customers,50
22189,51.42875,51,0.9916632233915854,Maximize Profit,VIP Customers,5
22191,14.83317,28,1.887661234921463,Clear Stock,At-Risk Customers,40
22195,16.449026,32,1.9454039406345398,Clear Stock,At-Risk Customers,40
22196,22.311573,40,1.7927915705450261,Clear Stock,At-Risk Customers,40
22197,636.0154,921,1.4480781440197832,Maximize Profit,VIP Customers,5
22208,16.10956,25,1.5518735458944877,Clear Stock,At-Risk Customers,40
22219,37.432114,92,2.45778264086287,Customer Acquisition,New Customers,30
22271,24.718403,55,2.225062840831586,Clear Stock,At-Risk Customers,50
22273,29.889957,48,1.6058905671895078,Clear Stock,At-Risk Customers,40
22274,19.739246,39,1.975759357778914,Clear Stock,At-Risk Customers,40
22294,49.77652,62,1.2455671870994598,Maximize Profit,VIP Customers,5
22297,37.89834,64,1.6887283189712268,Customer Acquisition,New Customers,20
22300,11.475143,19,1.6557527866972988,Clear Stock,At-Risk Customers,40
22303,19.783531,44,2.2240721335336953,Clear Stock,At-Risk Customers,50
22326,96.147026,115,1.1960848378191127,Maximize Profit,VIP Customers,5
22328,50.96071,75,1.4717220384095904,Maximize Profit,VIP Customers,5
22332,11.305173,23,2.034466876358283,Clear Stock,At-Risk Customers,50
22333,41.247986,65,1.5758345146839412,Customer Acquisition,New Customers,20
22335,15.142661,26,1.7170033721285842,Clear Stock,At-Risk Customers,40
22336,19.380688,37,1.9091169518852995,Clear Stock,At-Risk Customers,40
22338,58.066402,77,1.3260680418945194,Maximize Profit,VIP Customers,5
22348,33.982895,82,2.4129786470517005,Customer Acquisition,New Customers,30
22355,105.495605,179,1.696753149100382,Customer Acquisition,New Customers,20
22356,90.628365,193,2.1295760990502255,Customer Acquisition,New Customers,30
22367,52.790543,55,1.04185327284851,Maximize Profit,VIP Customers,5
22371,10.752416,23,2.1390541437384862,Clear Stock,At-Risk Customers,50
22379,61.531536,51,0.8288432780225086,Maximize Profit,VIP Customers,5
22380,14.91452,29,1.9444139000115324,Clear Stock,At-Risk Customers,40
22381,30.834547,68,2.2053185992970805,Customer Acquisition,New Customers,30
22382,163.73189,152,0.9283469457293873,Maximize Profit,VIP Customers,5
22383,169.79556,117,0.6890639543224806,Maximize Profit,VIP Customers,5
22384,134.86987,73,0.5412624776757032,Maximize Profit,VIP Customers,5
22385,84.75872,151,1.781527611554304,Customer Acquisition,New Customers,20
22386,330.11597,565,1.7115197425922775,Customer Acquisition,New Customers,20
22398,30.939526,58,1.874624711445159,Customer Acquisition,New Customers,20
22402,16.938927,32,1.8891397312238254,Clear Stock,At-Risk Customers,40
22411,163.14372,107,0.6558634313352668,Maximize Profit,VIP Customers,5
22413,28.912695,66,2.282734279872561,Clear Stock,At-Risk Customers,50
22417,76.9836,93,1.2080495066481693,Maximize Profit,VIP Customers,5
22418,59.638435,38,0.6371729908740899,Maximize Profit,VIP Customers,5
22419,23.494469,36,1.5322755325945014,Clear Stock,At-Risk Customers,40
22421,17.160925,36,2.0977890177831324,Clear Stock,At-Risk Customers,50
22423,161.50275,255,1.578920482778157,Customer Acquisition,New Customers,20
22429,12.733625,23,1.8062413491837557,Clear Stock,At-Risk Customers,40
22436,18.125555,29,1.5999510083967086,Clear Stock,At-Risk Customers,40
22437,25.917027,62,2.3922496974672285,Clear Stock,At-Risk Customers,50
22439,15.710094,29,1.8459469434110325,Clear Stock,At-Risk Customers,40
22441,10.339825,16,1.547414970756275,Clear Stock,At-Risk Customers,40
22456,18.841223,41,2.1760795464285945,Clear Stock,At-Risk Customers,50
22457,107.778946,166,1.5401894911831853,Customer Acquisition,New Customers,20
22460,20.119638,40,1.9881073406986747,Clear Stock,At-Risk Customers,40
22464,30.229591,65,2.150211029980525,Customer Acquisition,New Customers,30
22465,21.715355,44,2.026216011665478,Clear Stock,At-Risk Customers,50
22466,22.888042,43,1.8787102889797216,Clear Stock,At-Risk Customers,40
22467,83.170425,47,0.5651047232234295,Maximize Profit,VIP Customers,5
22469,173.67393,178,1.0249091501528178,Maximize Profit,VIP Customers,5
22470,96.98177,118,1.216723514120231,Maximize Profit,VIP Customers,5
22488,33.428974,42,1.2563951259766455,Maximize Profit,VIP Customers,5
22489,85.260956,192,2.251910006732742,Customer Acquisition,New Customers,30
22491,28.293274,63,2.226677619564282,Clear Stock,At-Risk Customers,50
22492,240.4593,507,2.108464925249304,Customer Acquisition,New Customers,30
22493,20.042875,41,2.0456147134580247,Clear Stock,At-Risk Customers,50
22505,14.162233,33,2.330141016603808,Clear Stock,At-Risk Customers,50
22508,12.423445,21,1.6903523942030574,Clear Stock,At-Risk Customers,40
22530,38.273033,68,1.776707897699145,Customer Acquisition,New Customers,20
22534,44.050556,62,1.4074737217845785,Maximize Profit,VIP Customers,5
22536,25.13904,62,2.4662835175885793,Clear Stock,At-Risk Customers,50
22539,11.836028,29,2.4501462821818265,Clear Stock,At-Risk Customers,50
22548,14.490517,22,1.5182343045455176,Clear Stock,At-Risk Customers,40
22549,42.21222,105,2.487431364661702,Customer Acquisition,New Customers,30
22551,93.82343,162,1.7266475975137554,Customer Acquisition,New Customers,20
22553,56.595833,62,1.0954870122682,Maximize Profit,VIP Customers,5
22554,86.15219,150,1.7411048982039805,Customer Acquisition,New Customers,20
22555,67.64804,105,1.5521514000996925,Customer Acquisition,New Customers,20
22556,67.688965,91,1.3443845684447975,Maximize Profit,VIP Customers,5
22557,58.041943,44,0.7580724856161345,Maximize Profit,VIP Customers,5
22558,74.798134,170,2.2727839707872923,Customer Acquisition,New Customers,30
22560,72.13994,64,0.8871645859422672,Maximize Profit,VIP Customers,5
22561,77.36032,95,1.228019739318555,Maximize Profit,VIP Customers,5
22563,23.746561,51,2.14767940503048,Clear Stock,At-Risk Customers,50
22564,15.30296,30,1.9604050458212006,Clear Stock,At-Risk Customers,40
22568,43.286697,63,1.4554125023676443,Maximize Profit,VIP Customers,5
22571,43.279243,87,2.0102015185431963,Customer Acquisition,New Customers,30
22573,42.429047,66,1.5555381199111071,Customer Acquisition,New Customers,20
22574,42.78663,39,0.911499690440682,Maximize Profit,VIP Customers,5
22577,246.86891,605,2.450693365964957,Customer Acquisition,New Customers,30
22578,260.52594,547,2.0995989881084394,Customer Acquisition,New Customers,30
22579,161.26332,390,2.418404879671335,Customer Acquisition,New Customers,30
22584,16.484972,36,2.1838071669154187,Clear Stock,At-Risk Customers,50
22585,68.953636,48,0.696119926148637,Maximize Profit,VIP Customers,5
22593,41.120815,53,1.2888849600865158,Maximize Profit,VIP Customers,5
22594,34.179543,48,1.4043487942480681,Maximize Profit,VIP Customers,5
22595,93.576,193,2.062494656749594,Customer Acquisition,New Customers,30
22596,68.17175,155,2.2736690784672535,Customer Acquisition,New Customers,30
22597,38.09068,91,2.3890358481392298,Customer Acquisition,New Customers,30
22600,34.987118,65,1.8578266435091908,Customer Acquisition,New Customers,20
22601,35.68158,49,1.3732575743562927,Maximize Profit,VIP Customers,5
22602,31.207394,31,0.9933543313485259,Maximize Profit,VIP Customers,5
22603,28.567053,62,2.170332375551654,Clear Stock,At-Risk Customers,50
22608,25.164154,45,1.788258011773414,Clear Stock,At-Risk Customers,40
22609,49.95646,114,2.2819871544140637,Customer Acquisition,New Customers,30
22610,96.869606,171,1.7652595799759936,Customer Acquisition,New Customers,20
22615,10.226369,20,1.9557283724066674,Clear Stock,At-Risk Customers,40
22616,140.71411,214,1.5208140818287519,Customer Acquisition,New Customers,20
22617,33.35559,62,1.858758906678011,Customer Acquisition,New Customers,20
22620,49.899487,96,1.9238674738279373,Customer Acquisition,New Customers,20
22621,105.86659,68,0.6423178455072559,Maximize Profit,VIP Customers,5
22624,27.061438,65,2.40194183324626,Clear Stock,At-Risk Customers,50
22625,18.575836,36,1.9380016059573308,Clear Stock,At-Risk Customers,40
22629,132.21722,270,2.0420940630880002,Customer Acquisition,New Customers,30
22630,104.41359,190,1.8196864986636319,Customer Acquisition,New Customers,20
22632,93.15818,79,0.8480200021082421,Maximize Profit,VIP Customers,5
22633,124.08435,86,0.6930769271064401,Maximize Profit,VIP Customers,5
22646,33.552586,58,1.728629799205343,Customer Acquisition,New Customers,20
22652,33.705257,82,2.432854910437265,Customer Acquisition,New Customers,30
22659,57.441402,114,1.9846312247044389,Customer Acquisition,New Customers,20
22661,49.538097,89,1.7965970715427362,Customer Acquisition,New Customers,20
22662,64.480934,48,0.7444060906437863,Maximize Profit,VIP Customers,5
22663,30.688295,36,1.1730856992869756,Maximize Profit,VIP Customers,5
22666,69.273926,86,1.2414483336775224,Maximize Profit,VIP Customers,5
22667,30.615273,41,1.33920086226244,Maximize Profit,VIP Customers,5
22669,10.7566595,18,1.6733819639824055,Clear Stock,At-Risk Customers,40
22670,17.289227,41,2.3714189188446655,Clear Stock,At-Risk Customers,50
22690,10.911709,26,2.3827614904319754,Clear Stock,At-Risk Customers,50
22693,62.546238,51,0.8153967629515942,Maximize Profit,VIP Customers,5
22694,36.479942,27,0.740132755693526,Maximize Profit,VIP Customers,5
22696,11.176076,23,2.0579673939225183,Clear Stock,At-Risk Customers,50
22697,66.86612,61,0.9122706686136418,Maximize Profit,VIP Customers,5
22698,56.952312,86,1.5100352730192939,Customer Acquisition,New Customers,20
22699,85.72984,187,2.181270838718467,Customer Acquisition,New Customers,30
22704,37.43349,40,1.068561867995744,Maximize Profit,VIP Customers,5
22705,10.570813,17,1.6082017532615516,Clear Stock,At-Risk Customers,40
22708,18.958094,33,1.7406813153263192,Clear Stock,At-Risk Customers,40
22712,37.656418,19,0.50456206429406,Maximize Profit,VIP Customers,5
22714,16.212345,31,1.9121231382628485,Clear Stock,At-Risk Customers,40
22720,68.178856,109,1.5987361242904985,Customer Acquisition,New Customers,20
22722,30.11473,52,1.7267297432186839,Customer Acquisition,New Customers,20
22726,102.95236,212,2.059204859412645,Customer Acquisition,New Customers,30
22727,98.552086,158,1.6032131476141458,Customer Acquisition,New Customers,20
22728,56.246975,28,0.49780454860016915,Maximize Profit,VIP Customers,5
22729,13.890238,28,2.015804192843924,Clear Stock,At-Risk Customers,50
22730,37.033974,21,0.5670468959123858,Maximize Profit,VIP Customers,5
22731,17.237385,34,1.9724569591037155,Clear Stock,At-Risk Customers,40
22732,33.246334,30,0.9023551288391677,Maximize Profit,VIP Customers,5
22733,33.25698,80,2.4055100613465203,Customer Acquisition,New Customers,30
22734,106.33275,131,1.231981680150283,Maximize Profit,VIP Customers,5
22737,35.759052,39,1.0906329395980632,Maximize Profit,VIP Customers,5
22738,38.65147,87,2.2508846364704884,Customer Acquisition,New Customers,30
22739,37.966286,94,2.4758808380677535,Customer Acquisition,New Customers,30
22741,64.66322,90,1.3918267602510361,Maximize Profit,VIP Customers,5
22749,29.437572,51,1.7324798390302028,Clear Stock,At-Risk Customers,40
22751,17.3924,36,2.0698695982153126,Clear Stock,At-Risk Customers,50
22755,10.815464,19,1.756743862306786,Clear Stock,At-Risk Customers,40
22759,61.793633,100,1.618289703083164,Customer Acquisition,New Customers,20
22771,42.753494,88,2.058311304334565,Customer Acquisition,New Customers,30
22772,15.324868,23,1.5008285878873475,Clear Stock,At-Risk Customers,40
22791,69.47874,88,1.2665744945864015,Maximize Profit,VIP Customers,5
22792,26.169527,43,1.6431324876448856,Clear Stock,At-Risk Customers,40
22804,20.486115,48,2.3430504026751775,Clear Stock,At-Risk Customers,50
22810,17.687914,37,2.091823829536937,Clear Stock,At-Risk Customers,50
22815,11.564643,22,1.9023501201031454,Clear Stock,At-Risk Customers,40
22816,71.385796,106,1.484889234827612,Maximize Profit,VIP Customers,5
22818,60.09033,117,1.9470686880900803,Customer Acquisition,New Customers,20
22819,13.772879,27,1.9603744431356727,Clear Stock,At-Risk Customers,40
22834,19.054857,38,1.994242202919707,Clear Stock,At-Risk Customers,40
22835,71.842964,100,1.3919247541067488,Maximize Profit,VIP Customers,5
22847,10.992828,25,2.2742100576848836,Clear Stock,At-Risk Customers,50
22851,17.49043,28,1.6008754501747526,Clear Stock,At-Risk Customers,40
22865,185.44054,222,1.1971492317699248,Maximize Profit,VIP Customers,5
22866,134.5386,97,0.720982677090441,Maximize Profit,VIP Customers,5
22867,135.28656,108,0.7983054636025928,Maximize Profit,VIP Customers,5
22892,15.609578,32,2.0500233894856095,Clear Stock,At-Risk Customers,50
22895,15.580975,32,2.0537867495455195,Clear Stock,At-Risk Customers,50
22900,27.011759,54,1.9991293421505796,Clear Stock,At-Risk Customers,40
22904,17.418148,39,2.2390440131752243,Clear Stock,At-Risk Customers,50
22906,14.270191,31,2.1723605521467793,Clear Stock,At-Risk Customers,50
22907,52.199608,51,0.977018831252526,Maximize Profit,VIP Customers,5
22909,186.82564,461,2.4675413931406847,Customer Acquisition,New Customers,30
22910,254.01752,519,2.0431661564131485,Customer Acquisition,New Customers,30
22915,13.057866,20,1.5316438382810789,Clear Stock,At-Risk Customers,40
22938,13.809164,31,2.2448860771006847,Clear Stock,At-Risk Customers,50
22940,42.620163,105,2.463622675492818,Customer Acquisition,New Customers,30
22944,35.347305,80,2.263255996461399,Customer Acquisition,New Customers,30
22945,52.803295,95,1.7991301489802862,Customer Acquisition,New Customers,20
22950,78.68327,178,2.2622343987482982,Customer Acquisition,New Customers,30
22951,56.158802,118,2.1011844234141606,Customer Acquisition,New Customers,30
22952,335.62903,506,1.5076169066781857,Customer Acquisition,New Customers,20
22959,95.64771,79,0.825947636383558,Maximize Profit,VIP Customers,5
22960,81.08914,183,2.256775691541432,Customer Acquisition,New Customers,30
22961,147.41187,199,1.3499591315136292,Maximize Profit,VIP Customers,5
22964,19.378336,31,1.5997245583934554,Clear Stock,At-Risk Customers,40
22965,11.224539,17,1.5145388153580295,Clear Stock,At-Risk Customers,40
22966,103.477486,200,1.932787582411888,Customer Acquisition,New Customers,20
22969,62.753292,123,1.9600565337671847,Customer Acquisition,New Customers,20
22971,13.837363,30,2.1680431452148796,Clear Stock,At-Risk Customers,50
22972,11.651009,24,2.059907429476709,Clear Stock,At-Risk Customers,50
22983,49.70705,42,0.8449505653624586,Maximize Profit,VIP Customers,5
22984,14.929399,28,1.8754941173452462,Clear Stock,At-Risk Customers,40
22985,13.003588,27,2.076350004321884,Clear Stock,At-Risk Customers,50
22988,52.303295,41,0.7838894279987523,Maximize Profit,VIP Customers,5
22991,29.719336,59,1.9852395087158072,Clear Stock,At-Risk Customers,40
22992,45.5071,82,1.8019166239993318,Customer Acquisition,New Customers,20
22993,139.1168,242,1.7395454754565947,Customer Acquisition,New Customers,20
22995,14.098941,30,2.1278193872858964,Clear Stock,At-Risk Customers,50
22996,33.745544,48,1.422410022490673,Maximize Profit,VIP Customers,5
22997,20.030472,49,2.4462728586725264,Clear Stock,At-Risk Customers,50
22998,104.56841,184,1.7596136347487736,Customer Acquisition,New Customers,20
23000,22.948984,42,1.830146380336489,Clear Stock,At-Risk Customers,40
23005,42.54991,36,0.8460652443213159,Maximize Profit,VIP Customers,5
23012,19.376604,36,1.8579107050956916,Clear Stock,At-Risk Customers,40
23013,15.224115,23,1.5107610524486974,Clear Stock,At-Risk Customers,40
23032,29.468271,65,2.2057622586679755,Clear Stock,At-Risk Customers,50
23035,30.987047,76,2.452637710201943,Customer Acquisition,New Customers,30
23076,73.10686,48,0.656573131440743,Maximize Profit,VIP Customers,5
23077,109.023865,106,0.9722641918812913,Maximize Profit,VIP Customers,5
23078,51.09829,106,2.0744334105896693,Customer Acquisition,New Customers,30
23080,12.124216,20,1.6495911983092348,Clear Stock,At-Risk Customers,40
23082,30.53056,67,2.1945224719101124,Customer Acquisition,New Customers,30
23083,28.47993,43,1.509835171645436,Clear Stock,At-Risk Customers,40
23084,107.88872,67,0.6210102409223133,Maximize Profit,VIP Customers,5
23089,18.329103,42,2.2914378297726845,Clear Stock,At-Risk Customers,50
23090,23.349733,42,1.7987357714111762,Clear Stock,At-Risk Customers,40
23100,37.042576,50,1.3497981349893162,Maximize Profit,VIP Customers,5
23101,28.184874,57,2.022361355952842,Clear Stock,At-Risk Customers,50
23102,13.647272,23,1.685318501748921,Clear Stock,At-Risk Customers,40
23103,71.14136,162,2.2771563546156552,Customer Acquisition,New Customers,30
23108,25.324282,42,1.658487296895525,Clear Stock,At-Risk Customers,40
23109,32.6179,62,1.900796801756091,Customer Acquisition,New Customers,20
23144,43.467495,66,1.5183759726664718,Customer Acquisition,New Customers,20
23156,15.160322,37,2.440581407175916,Clear Stock,At-Risk Customers,50
23157,38.651886,29,0.7502868035986653,Maximize Profit,VIP Customers,5
23162,11.225071,25,2.227157405062293,Clear Stock,At-Risk Customers,50
23163,11.858347,22,1.8552332799841327,Clear Stock,At-Risk Customers,40
23166,71.26448,153,2.1469321041843004,Customer Acquisition,New Customers,30
23167,32.454365,78,2.403374707839762,Customer Acquisition,New Customers,30
23168,28.298542,60,2.1202505768671758,Clear Stock,At-Risk Customers,50
23170,56.629265,100,1.7658714094205532,Customer Acquisition,New Customers,20
23171,40.564022,24,0.5916573065659021,Maximize Profit,VIP Customers,5
23174,20.704721,35,1.6904357223649622,Clear Stock,At-Risk Customers,40
23175,21.615284,40,1.850542421741949,Clear Stock,At-Risk Customers,40
23182,23.205894,46,1.9822550253827755,Clear Stock,At-Risk Customers,40
23186,11.87536,28,2.3578232575686124,Clear Stock,At-Risk Customers,50
23187,16.988327,31,1.8247823932280087,Clear Stock,At-Risk Customers,40
23188,59.512283,110,1.8483579263796686,Customer Acquisition,New Customers,20
23190,17.329576,29,1.6734396733076446,Clear Stock,At-Risk Customers,40
23192,41.224052,73,1.7708108848688624,Customer Acquisition,New Customers,20
23196,27.200426,61,2.242611935563068,Clear Stock,At-Risk Customers,50
23197,17.326117,33,1.904639106384887,Clear Stock,At-Risk Customers,40
23198,63.801487,47,0.7366599464993661,Maximize Profit,VIP Customers,5
23199,136.1771,313,2.298477497317831,Customer Acquisition,New Customers,30
23200,90.99994,57,0.6263740393674985,Maximize Profit,VIP Customers,5
23201,152.759,239,1.5645559345112237,Customer Acquisition,New Customers,20
23202,150.83566,118,0.7823083745581119,Maximize Profit,VIP Customers,5
23203,296.12982,154,0.5200421896045457,Maximize Profit,VIP Customers,5
23204,71.17847,95,1.3346732516166755,Maximize Profit,VIP Customers,5
23205,47.737778,52,1.0892840466935851,Maximize Profit,VIP Customers,5
23206,150.58139,221,1.4676448397773456,Maximize Profit,VIP Customers,5
23207,94.11355,155,1.6469466936482577,Customer Acquisition,New Customers,20
23208,77.47734,45,0.5808149840972857,Maximize Profit,VIP Customers,5
23209,219.86218,164,0.7459218315764904,Maximize Profit,VIP Customers,5
23210,33.87,54,1.5943312666076175,Customer Acquisition,New Customers,20
23212,28.140453,55,1.954481685138473,Clear Stock,At-Risk Customers,40
23213,19.098068,34,1.7802847911108075,Clear Stock,At-Risk Customers,40
23214,11.433302,25,2.186594913700347,Clear Stock,At-Risk Customers,50
23215,58.36068,110,1.8848306770928644,Customer Acquisition,New Customers,20
23217,13.339173,24,1.7992119901286234,Clear Stock,At-Risk Customers,40
23220,12.992865,26,2.0010982951027354,Clear Stock,At-Risk Customers,50
23225,12.785656,29,2.2681667643803336,Clear Stock,At-Risk Customers,50
23228,12.312709,20,1.6243379097158879,Clear Stock,At-Risk Customers,40
23230,47.69753,81,1.698201143748953,Customer Acquisition,New Customers,20
23231,54.224827,103,1.8994989140306524,Customer Acquisition,New Customers,20
23232,62.71377,117,1.8656189860695667,Customer Acquisition,New Customers,20
23234,33.29061,27,0.81103950933912,Maximize Profit,VIP Customers,5
23237,11.240475,25,2.2241052980412306,Clear Stock,At-Risk Customers,50
23240,63.837494,35,0.5482671359248532,Maximize Profit,VIP Customers,5
23241,25.287863,45,1.7795097988311626,Clear Stock,At-Risk Customers,40
23242,15.252047,27,1.7702541829303307,Clear Stock,At-Risk Customers,40
23243,37.10044,43,1.1590159038545096,Maximize Profit,VIP Customers,5
23245,82.94623,109,1.3141043299978794,Maximize Profit,VIP Customers,5
23247,39.939167,44,1.1016754555747246,Maximize Profit,VIP Customers,5
23263,75.47716,111,1.4706435695248736,Maximize Profit,VIP Customers,5
23264,43.211494,23,0.5322657902085033,Maximize Profit,VIP Customers,5
23265,38.030766,57,1.4987865350910892,Maximize Profit,VIP Customers,5
23266,42.041306,102,2.426185333062679,Customer Acquisition,New Customers,30
23273,12.797821,25,1.9534575456243684,Clear Stock,At-Risk Customers,40
23275,57.02183,61,1.0697657370870068,Maximize Profit,VIP Customers,5
23280,12.421844,28,2.2540936756249716,Clear Stock,At-Risk Customers,50
23284,64.7081,147,2.271740323081654,Customer Acquisition,New Customers,30
23285,17.232323,29,1.6828839617270404,Clear Stock,At-Risk Customers,40
23286,21.83043,47,2.152958049841437,Clear Stock,At-Risk Customers,50
23287,16.72751,41,2.4510521888792773,Clear Stock,At-Risk Customers,50
23289,17.009466,41,2.410422525904105,Clear Stock,At-Risk Customers,50
23293,143.83113,227,1.578239703741464,Customer Acquisition,New Customers,20
23294,60.980976,49,0.8035292842803959,Maximize Profit,VIP Customers,5
23295,96.92902,155,1.5991082959468692,Customer Acquisition,New Customers,20
23296,70.78371,112,1.5822849635883736,Customer Acquisition,New Customers,20
23297,22.475119,45,2.002214092837506,Clear Stock,At-Risk Customers,50
23298,99.187775,214,2.1575239488939033,Customer Acquisition,New Customers,30
23300,106.247154,117,1.1012059673617234,Maximize Profit,VIP Customers,5
23301,167.83405,170,1.0129053073556886,Maximize Profit,VIP Customers,5
23306,19.082796,46,2.4105482236460527,Clear Stock,At-Risk Customers,50
23307,150.7008,243,1.6124665562492038,Customer Acquisition,New Customers,20
23308,54.451538,65,1.19372202122188,Maximize Profit,VIP Customers,5
23309,73.550804,122,1.6587174220420486,Customer Acquisition,New Customers,20
23310,158.21114,123,0.7774420941534206,Maximize Profit,VIP Customers,5
23311,60.20519,83,1.3786186871929147,Maximize Profit,VIP Customers,5
23312,25.752094,45,1.7474307137897214,Clear Stock,At-Risk Customers,40
23313,63.020775,93,1.4757038452795923,Maximize Profit,VIP Customers,5
23318,74.28256,121,1.6289153200966686,Customer Acquisition,New Customers,20
23319,81.4522,141,1.7310766314476465,Customer Acquisition,New Customers,20
23320,54.33542,49,0.9018058570265952,Maximize Profit,VIP Customers,5
23321,100.39743,129,1.2848934479697338,Maximize Profit,VIP Customers,5
23322,68.18323,39,0.5719881560319158,Maximize Profit,VIP Customers,5
23323,32.684093,47,1.4380083914214785,Maximize Profit,VIP Customers,5
23326,30.277952,73,2.4109953011352947,Customer Acquisition,New Customers,30
23327,10.459499,24,2.2945649691251946,Clear Stock,At-Risk Customers,50
23328,49.15552,95,1.9326415425978607,Customer Acquisition,New Customers,20
23329,35.78403,56,1.5649439149251774,Customer Acquisition,New Customers,20
23330,35.51896,79,2.2241642210244894,Customer Acquisition,New Customers,30
23332,39.704624,82,2.0652506368024035,Customer Acquisition,New Customers,30
23333,41.05424,30,0.730740600727233,Maximize Profit,VIP Customers,5
23334,28.046774,58,2.0679740208267803,Clear Stock,At-Risk Customers,50
23340,28.640299,70,2.444108561855447,Clear Stock,At-Risk Customers,50
23343,103.498825,173,1.6715165606952542,Customer Acquisition,New Customers,20
23344,202.34158,253,1.2503608996233004,Maximize Profit,VIP Customers,5
23349,59.331753,90,1.516894334809221,Customer Acquisition,New Customers,20
23350,60.884243,90,1.4782149792024186,Maximize Profit,VIP Customers,5
23351,84.47432,139,1.6454704814433545,Customer Acquisition,New Customers,20
23352,30.834724,68,2.2053059401472184,Customer Acquisition,New Customers,30
23353,80.184784,197,2.4568252250950757,Customer Acquisition,New Customers,30
23354,88.77695,116,1.3066454749797103,Maximize Profit,VIP Customers,5
23355,164.04668,353,2.151826541079649,Customer Acquisition,New Customers,30
23356,63.17834,128,2.026010813199587,Customer Acquisition,New Customers,30
23365,23.498518,51,2.170349636517503,Clear Stock,At-Risk Customers,50
23367,58.568897,128,2.1854603135176,Customer Acquisition,New Customers,30
23368,37.964287,86,2.265286847083418,Customer Acquisition,New Customers,30
23370,18.935545,42,2.2180507611478832,Clear Stock,At-Risk Customers,50
23373,20.421873,35,1.7138486758780644,Clear Stock,At-Risk Customers,40
23374,34.515915,81,2.3467435239656838,Customer Acquisition,New Customers,30
23376,36.400284,52,1.428560282661531,Maximize Profit,VIP Customers,5
23377,16.791084,31,1.8462179094571856,Clear Stock,At-Risk Customers,40
23378,54.385677,105,1.9306553819307977,Customer Acquisition,New Customers,20
23379,10.060249,18,1.7892201276529038,Clear Stock,At-Risk Customers,40
23388,11.26455,23,2.0418037116440515,Clear Stock,At-Risk Customers,50
23393,17.996576,44,2.4449095205665787,Clear Stock,At-Risk Customers,50
23395,15.273951,32,2.0950702277360977,Clear Stock,At-Risk Customers,50
23399,41.94188,90,2.145826558084664,Customer Acquisition,New Customers,30
23404,15.395027,27,1.7538130982167162,Clear Stock,At-Risk Customers,40
23432,15.25482,32,2.097697645727711,Clear Stock,At-Risk Customers,50
23433,18.477966,43,2.3270959585053896,Clear Stock,At-Risk Customers,50
23434,34.280293,44,1.2835362871606728,Maximize Profit,VIP Customers,5
23439,74.33385,132,1.7757724105505097,Customer Acquisition,New Customers,20
23445,43.762226,32,0.7312242297729553,Maximize Profit,VIP Customers,5
23493,87.236305,59,0.6763239227062632,Maximize Profit,VIP Customers,5
23494,12.710282,23,1.8095585920123567,Clear Stock,At-Risk Customers,40
23497,32.9658,58,1.759399134860977,Customer Acquisition,New Customers,20
23501,21.97072,42,1.911635121652818,Clear Stock,At-Risk Customers,40
23503,99.13405,241,2.431051692127982,Customer Acquisition,New Customers,30
23504,33.110424,66,1.9933299555451176,Customer Acquisition,New Customers,20
23505,11.548406,27,2.3379849998346094,Clear Stock,At-Risk Customers,50
23506,33.588966,63,1.8756159388770706,Customer Acquisition,New Customers,20
23508,30.69959,21,0.6840482234453293,Maximize Profit,VIP Customers,5
23510,22.886112,40,1.7477848574716404,Clear Stock,At-Risk Customers,40
23534,17.545162,31,1.7668688382586606,Clear Stock,At-Risk Customers,40
23535,14.650085,28,1.9112517094610713,Clear Stock,At-Risk Customers,40
23546,50.93467,78,1.5313734240351415,Customer Acquisition,New Customers,20
23569,14.036264,34,2.4222969872894953,Clear Stock,At-Risk Customers,50
23570,30.093195,22,0.7310622883346218,Maximize Profit,VIP Customers,5
23571,36.63313,19,0.518656200002566,Maximize Profit,VIP Customers,5
23581,85.018295,173,2.0348561447862488,Customer Acquisition,New Customers,30
23582,61.25974,94,1.5344498687065926,Customer Acquisition,New Customers,20
23583,78.62404,94,1.1955630873203666,Maximize Profit,VIP Customers,5
35953,62.12185,58,0.9336489496046881,Maximize Profit,VIP Customers,5
35970,172.63814,395,2.288022797279906,Customer Acquisition,New Customers,30
37340,17.327318,36,2.0776440993349343,Clear Stock,At-Risk Customers,50
40016,10.748353,20,1.8607502005190935,Clear Stock,At-Risk Customers,40
47503A,34.81812,47,1.349871848336441,Maximize Profit,VIP Customers,5
47559B,19.356918,47,2.4280724855062155,Clear Stock,At-Risk Customers,50
47566,149.91927,360,2.4012923755565243,Customer Acquisition,New Customers,30
47590B,20.72993,49,2.3637320531231896,Clear Stock,At-Risk Customers,50
47591D,51.710796,86,1.6630956522115807,Customer Acquisition,New Customers,20
48138,31.021534,16,0.5157707545990472,Maximize Profit,VIP Customers,5
48188,12.517181,24,1.917364620676173,Clear Stock,At-Risk Customers,40
48194,24.98301,41,1.6411153019592115,Clear Stock,At-Risk Customers,40
51014A,47.563084,42,0.8830377777858138,Maximize Profit,VIP Customers,5
51014C,22.34666,50,2.2374708345676715,Clear Stock,At-Risk Customers,50
51014L,19.26899,38,1.9720805293894492,Clear Stock,At-Risk Customers,40
71459,77.7161,80,1.0293877330437322,Maximize Profit,VIP Customers,5
71477,60.80166,75,1.2335189532654207,Maximize Profit,VIP Customers,5
72351B,13.201808,24,1.8179328164748343,Clear Stock,At-Risk Customers,40
72741,62.583416,150,2.3968010950377012,Customer Acquisition,New Customers,30
72817,21.11253,48,2.273531405283971,Clear Stock,At-Risk Customers,50
79321,92.01024,58,0.6303646202857421,Maximize Profit,VIP Customers,5
82482,108.450356,226,2.0839027951185334,Customer Acquisition,New Customers,30
82483,30.098055,31,1.029966886564597,Maximize Profit,VIP Customers,5
82484,41.63815,78,1.8732820742516176,Customer Acquisition,New Customers,20
82494L,105.028366,249,2.3707880973793305,Customer Acquisition,New Customers,30
82580,44.54063,75,1.6838558412846878,Customer Acquisition,New Customers,20
82581,30.401924,31,1.019672307581586,Maximize Profit,VIP Customers,5
82582,41.442993,75,1.8097148533649583,Customer Acquisition,New Customers,20
82583,61.57199,131,2.1275908087427418,Customer Acquisition,New Customers,30
82600,35.680115,67,1.8777966382675615,Customer Acquisition,New Customers,20
84012,12.343384,28,2.2684216905185806,Clear Stock,At-Risk Customers,50
84029E,56.265358,56,0.9952838121104641,Maximize Profit,VIP Customers,5
84029G,36.93455,61,1.6515701423193188,Customer Acquisition,New Customers,20
84030E,21.269754,53,2.4918012685995334,Clear Stock,At-Risk Customers,50
84077,520.90857,688,1.3207692090763643,Maximize Profit,VIP Customers,5
84347,131.982,233,1.7653922504583959,Customer Acquisition,New Customers,20
84375,48.078197,25,0.5199862216130942,Maximize Profit,VIP Customers,5
84378,50.555912,104,2.0571283532576765,Customer Acquisition,New Customers,30
84380,48.90081,84,1.7177629573007074,Customer Acquisition,New Customers,20
84535B,11.064857,24,2.1690293873657835,Clear Stock,At-Risk Customers,50
84536A,32.15788,26,0.8085110088102823,Maximize Profit,VIP Customers,5
84596B,43.643238,50,1.145652850047469,Maximize Profit,VIP Customers,5
84596F,31.769386,64,2.0145180017013864,Customer Acquisition,New Customers,30
84692,70.22639,40,0.5695864474879031,Maximize Profit,VIP Customers,5
84755,137.94066,302,2.189347216404503,Customer Acquisition,New Customers,30
84832,33.28896,53,1.5921194293843963,Customer Acquisition,New Customers,20
84836,94.657585,218,2.3030378389645163,Customer Acquisition,New Customers,30
84879,566.9393,824,1.453418381826767,Maximize Profit,VIP Customers,5
84945,94.5281,223,2.359086874696519,Customer Acquisition,New Customers,30
84946,249.51247,582,2.332548749968288,Customer Acquisition,New Customers,30
84947,85.145905,150,1.7616819035513218,Customer Acquisition,New Customers,20
84949,42.1986,55,1.3033607750020144,Maximize Profit,VIP Customers,5
84950,15.846146,31,1.9563116482708163,Clear Stock,At-Risk Customers,40
84970L,49.56329,96,1.936917424166152,Customer Acquisition,New Customers,20
84970S,60.019886,71,1.1829412671660189,Maximize Profit,VIP Customers,5
84971S,11.711815,24,2.0492126967511015,Clear Stock,At-Risk Customers,50
84978,91.11884,50,0.5487339391063363,Maximize Profit,VIP Customers,5
84991,178.70523,150,0.8393710693302037,Maximize Profit,VIP Customers,5
84992,102.0445,136,1.3327518876568556,Maximize Profit,VIP Customers,5
84997B,31.449594,40,1.2718765145267057,Maximize Profit,VIP Customers,5
84997D,40.932327,21,0.5130419289379761,Maximize Profit,VIP Customers,5
85034B,11.311345,25,2.2101704085588407,Clear Stock,At-Risk Customers,50
85048,30.032013,18,0.5993604224931576,Maximize Profit,VIP Customers,5
85049A,60.610325,34,0.560960529414749,Maximize Profit,VIP Customers,5
85049C,11.218756,21,1.8718652941556086,Clear Stock,At-Risk Customers,40
85049E,48.289265,86,1.780934126870641,Customer Acquisition,New Customers,20
85049G,15.6418915,35,2.2375810495808643,Clear Stock,At-Risk Customers,50
85061W,16.638247,30,1.8030745666896277,Clear Stock,At-Risk Customers,40
85071B,12.975546,32,2.466177531180576,Clear Stock,At-Risk Customers,50
85099B,627.29504,1430,2.2796290562093398,Customer Acquisition,New Customers,30
85099C,149.6392,371,2.479296868734931,Customer Acquisition,New Customers,30
85099F,131.10269,142,1.0831204149968243,Maximize Profit,VIP Customers,5
85123A,504.97098,951,1.8832765399706732,Customer Acquisition,New Customers,20
85150,39.635483,46,1.1605762442708216,Maximize Profit,VIP Customers,5
85152,76.80589,100,1.3019834806939936,Maximize Profit,VIP Customers,5
85175,35.04633,68,1.9402887549138528,Customer Acquisition,New Customers,20
85199L,10.391986,19,1.8283319473294133,Clear Stock,At-Risk Customers,40
15036,78.67598,87,1.1058012877627963,Stability Revenue,Regular Customers,5
15056BL,30.694668,33,1.0751052919028152,Stability Revenue,Regular Customers,5
15056N,35.394714,43,1.2148706724964637,Stability Revenue,Regular Customers,5
16045,51.429504,76,1.4777509812266514,Stability Revenue,Regular Customers,5
16161P,53.62366,68,1.268096955709476,Stability Revenue,Regular Customers,5
17003,115.13216,110,0.9554237495413966,Stability Revenue,Regular Customers,5
20668,132.92653,109,0.8200018461325966,Stability Revenue,Regular Customers,5
20712,92.097786,78,0.8469258967854015,Stability Revenue,Regular Customers,5
20719,90.67296,122,1.3454948421227233,Stability Revenue,Regular Customers,5
20725,311.93292,339,1.0867721175437333,Stability Revenue,Regular Customers,5
20726,125.15772,158,1.2624071451605223,Stability Revenue,Regular Customers,5
20728,166.48573,188,1.129225910232667,Stability Revenue,Regular Customers,5
20971,94.5606,109,1.152699961717671,Stability Revenue,Regular Customers,5
20982,30.087471,36,1.1965113319095513,Stability Revenue,Regular Customers,5
21086,47.308235,52,1.099174382641838,Stability Revenue,Regular Customers,5
21137,73.85247,89,1.2051052591741347,Stability Revenue,Regular Customers,5
21166,101.40183,121,1.193272350213009,Stability Revenue,Regular Customers,5
21169,41.70315,53,1.2708872111579101,Stability Revenue,Regular Customers,5
21212,366.34076,387,1.0563935064173586,Stability Revenue,Regular Customers,5
21213,168.84337,144,0.8528614419387626,Stability Revenue,Regular Customers,5
21231,72.67784,76,1.045710769610104,Stability Revenue,Regular Customers,5
21479,34.369736,48,1.3965775006243863,Stability Revenue,Regular Customers,5
21481,46.839905,39,0.8326233795734641,Stability Revenue,Regular Customers,5
21499,52.801502,79,1.4961695597219944,Stability Revenue,Regular Customers,5
21506,38.33554,35,0.9129909217399833,Stability Revenue,Regular Customers,5
21509,31.843328,28,0.8793050776602245,Stability Revenue,Regular Customers,5
21668,48.703495,45,0.9239583319431183,Stability Revenue,Regular Customers,5
21670,41.67109,42,1.0078930020788994,Stability Revenue,Regular Customers,5
21673,33.663612,50,1.4852832785739094,Stability Revenue,Regular Customers,5
21704,57.640038,57,0.9888959476397292,Stability Revenue,Regular Customers,5
21790,226.66129,302,1.3323845461216601,Stability Revenue,Regular Customers,5
21811,77.90521,93,1.193758414873665,Stability Revenue,Regular Customers,5
21818,47.12387,60,1.2732400798151766,Stability Revenue,Regular Customers,5
21977,188.73387,197,1.0437978090525035,Stability Revenue,Regular Customers,5
21982,62.399384,85,1.362192934468712,Stability Revenue,Regular Customers,5
21984,44.912186,60,1.3359403169554027,Stability Revenue,Regular Customers,5
22027,35.637257,31,0.8698761523649253,Stability Revenue,Regular Customers,5
22045,56.617817,83,1.4659696257805206,Stability Revenue,Regular Customers,5
22083,58.886353,53,0.9000387577067305,Stability Revenue,Regular Customers,5
22111,82.801735,77,0.9299322049230008,Stability Revenue,Regular Customers,5
22113,53.29565,62,1.1633219596721307,Stability Revenue,Regular Customers,5
22114,106.23295,91,0.8566080486327453,Stability Revenue,Regular Customers,5
22142,71.499756,98,1.37063404803787,Stability Revenue,Regular Customers,5
22144,89.66768,132,1.4721023227098102,Stability Revenue,Regular Customers,5
22147,48.118736,64,1.3300432496813717,Stability Revenue,Regular Customers,5
22151,81.932655,75,0.9153859349486478,Stability Revenue,Regular Customers,5
22158,63.24157,54,0.8538687448777758,Stability Revenue,Regular Customers,5
22161,50.347893,49,0.9732284129546395,Stability Revenue,Regular Customers,5
22189,51.42875,51,0.9916632233915854,Stability Revenue,Regular Customers,5
22197,636.0154,921,1.4480781440197832,Stability Revenue,Regular Customers,5
22294,49.77652,62,1.2455671870994598,Stability Revenue,Regular Customers,5
22326,96.147026,115,1.1960848378191127,Stability Revenue,Regular Customers,5
22328,50.96071,75,1.4717220384095904,Stability Revenue,Regular Customers,5
22338,58.066402,77,1.3260680418945194,Stability Revenue,Regular Customers,5
22367,52.790543,55,1.04185327284851,Stability Revenue,Regular Customers,5
22379,61.531536,51,0.8288432780225086,Stability Revenue,Regular Customers,5
22382,163.73189,152,0.9283469457293873,Stability Revenue,Regular Customers,5
22417,76.9836,93,1.2080495066481693,Stability Revenue,Regular Customers,5
22469,173.67393,178,1.0249091501528178,Stability Revenue,Regular Customers,5
22470,96.98177,118,1.216723514120231,Stability Revenue,Regular Customers,5
22488,33.428974,42,1.2563951259766455,Stability Revenue,Regular Customers,5
22534,44.050556,62,1.4074737217845785,Stability Revenue,Regular Customers,5
22553,56.595833,62,1.0954870122682,Stability Revenue,Regular Customers,5
22556,67.688965,91,1.3443845684447975,Stability Revenue,Regular Customers,5
22560,72.13994,64,0.8871645859422672,Stability Revenue,Regular Customers,5
22561,77.36032,95,1.228019739318555,Stability Revenue,Regular Customers,5
22568,43.286697,63,1.4554125023676443,Stability Revenue,Regular Customers,5
22574,42.78663,39,0.911499690440682,Stability Revenue,Regular Customers,5
22593,41.120815,53,1.2888849600865158,Stability Revenue,Regular Customers,5
22594,34.179543,48,1.4043487942480681,Stability Revenue,Regular Customers,5
22601,35.68158,49,1.3732575743562927,Stability Revenue,Regular Customers,5
22602,31.207394,31,0.9933543313485259,Stability Revenue,Regular Customers,5
22632,93.15818,79,0.8480200021082421,Stability Revenue,Regular Customers,5
22663,30.688295,36,1.1730856992869756,Stability Revenue,Regular Customers,5
22666,69.273926,86,1.2414483336775224,Stability Revenue,Regular Customers,5
22667,30.615273,41,1.33920086226244,Stability Revenue,Regular Customers,5
22693,62.546238,51,0.8153967629515942,Stability Revenue,Regular Customers,5
22697,66.86612,61,0.9122706686136418,Stability Revenue,Regular Customers,5
22704,37.43349,40,1.068561867995744,Stability Revenue,Regular Customers,5
22732,33.246334,30,0.9023551288391677,Stability Revenue,Regular Customers,5
22734,106.33275,131,1.231981680150283,Stability Revenue,Regular Customers,5
22737,35.759052,39,1.0906329395980632,Stability Revenue,Regular Customers,5
22741,64.66322,90,1.3918267602510361,Stability Revenue,Regular Customers,5
22791,69.47874,88,1.2665744945864015,Stability Revenue,Regular Customers,5
22816,71.385796,106,1.484889234827612,Stability Revenue,Regular Customers,5
22835,71.842964,100,1.3919247541067488,Stability Revenue,Regular Customers,5
22865,185.44054,222,1.1971492317699248,Stability Revenue,Regular Customers,5
22907,52.199608,51,0.977018831252526,Stability Revenue,Regular Customers,5
22959,95.64771,79,0.825947636383558,Stability Revenue,Regular Customers,5
22961,147.41187,199,1.3499591315136292,Stability Revenue,Regular Customers,5
22983,49.70705,42,0.8449505653624586,Stability Revenue,Regular Customers,5
22996,33.745544,48,1.422410022490673,Stability Revenue,Regular Customers,5
23005,42.54991,36,0.8460652443213159,Stability Revenue,Regular Customers,5
23077,109.023865,106,0.9722641918812913,Stability Revenue,Regular Customers,5
23100,37.042576,50,1.3497981349893162,Stability Revenue,Regular Customers,5
23204,71.17847,95,1.3346732516166755,Stability Revenue,Regular Customers,5
23205,47.737778,52,1.0892840466935851,Stability Revenue,Regular Customers,5
23206,150.58139,221,1.4676448397773456,Stability Revenue,Regular Customers,5
23234,33.29061,27,0.81103950933912,Stability Revenue,Regular Customers,5
23243,37.10044,43,1.1590159038545096,Stability Revenue,Regular Customers,5
23245,82.94623,109,1.3141043299978794,Stability Revenue,Regular Customers,5
23247,39.939167,44,1.1016754555747246,Stability Revenue,Regular Customers,5
23263,75.47716,111,1.4706435695248736,Stability Revenue,Regular Customers,5
23265,38.030766,57,1.4987865350910892,Stability Revenue,Regular Customers,5
23275,57.02183,61,1.0697657370870068,Stability Revenue,Regular Customers,5
23294,60.980976,49,0.8035292842803959,Stability Revenue,Regular Customers,5
23300,106.247154,117,1.1012059673617234,Stability Revenue,Regular Customers,5
23301,167.83405,170,1.0129053073556886,Stability Revenue,Regular Customers,5
23308,54.451538,65,1.19372202122188,Stability Revenue,Regular Customers,5
23311,60.20519,83,1.3786186871929147,Stability Revenue,Regular Customers,5
23313,63.020775,93,1.4757038452795923,Stability Revenue,Regular Customers,5
23320,54.33542,49,0.9018058570265952,Stability Revenue,Regular Customers,5
23321,100.39743,129,1.2848934479697338,Stability Revenue,Regular Customers,5
23323,32.684093,47,1.4380083914214785,Stability Revenue,Regular Customers,5
23344,202.34158,253,1.2503608996233004,Stability Revenue,Regular Customers,5
23350,60.884243,90,1.4782149792024186,Stability Revenue,Regular Customers,5
23354,88.77695,116,1.3066454749797103,Stability Revenue,Regular Customers,5
23376,36.400284,52,1.428560282661531,Stability Revenue,Regular Customers,5
23434,34.280293,44,1.2835362871606728,Stability Revenue,Regular Customers,5
23583,78.62404,94,1.1955630873203666,Stability Revenue,Regular Customers,5
35953,62.12185,58,0.9336489496046881,Stability Revenue,Regular Customers,5
47503A,34.81812,47,1.349871848336441,Stability Revenue,Regular Customers,5
51014A,47.563084,42,0.8830377777858138,Stability Revenue,Regular Customers,5
71459,77.7161,80,1.0293877330437322,Stability Revenue,Regular Customers,5
71477,60.80166,75,1.2335189532654207,Stability Revenue,Regular Customers,5
82483,30.098055,31,1.029966886564597,Stability Revenue,Regular Customers,5
82581,30.401924,31,1.019672307581586,Stability Revenue,Regular Customers,5
84029E,56.265358,56,0.9952838121104641,Stability Revenue,Regular Customers,5
84077,520.90857,688,1.3207692090763643,Stability Revenue,Regular Customers,5
84536A,32.15788,26,0.8085110088102823,Stability Revenue,Regular Customers,5
84596B,43.643238,50,1.145652850047469,Stability Revenue,Regular Customers,5
84879,566.9393,824,1.453418381826767,Stability Revenue,Regular Customers,5
84949,42.1986,55,1.3033607750020144,Stability Revenue,Regular Customers,5
84970S,60.019886,71,1.1829412671660189,Stability Revenue,Regular Customers,5
84991,178.70523,150,0.8393710693302037,Stability Revenue,Regular Customers,5
84992,102.0445,136,1.3327518876568556,Stability Revenue,Regular Customers,5
84997B,31.449594,40,1.2718765145267057,Stability Revenue,Regular Customers,5
85099F,131.10269,142,1.0831204149968243,Stability Revenue,Regular Customers,5
85150,39.635483,46,1.1605762442708216,Stability Revenue,Regular Customers,5
85152,76.80589,100,1.3019834806939936,Stability Revenue,Regular Customers,5
10135,10.892109,26,2.3870491931360585,Win Back & Clear Stock,Lost Customers,50
16014,14.270042,34,2.382613870372631,Win Back & Clear Stock,Lost Customers,50
16218,17.107687,38,2.2212237107213855,Win Back & Clear Stock,Lost Customers,50
20749,18.847027,42,2.2284681822761754,Win Back & Clear Stock,Lost Customers,50
20956,10.32864,23,2.2268178579174025,Win Back & Clear Stock,Lost Customers,50
20981,24.031425,54,2.2470577587471405,Win Back & Clear Stock,Lost Customers,50
21098,25.656494,57,2.221659748210336,Win Back & Clear Stock,Lost Customers,50
21114,14.251671,31,2.175183527601781,Win Back & Clear Stock,Lost Customers,50
21385,20.121174,46,2.286148909601398,Win Back & Clear Stock,Lost Customers,50
21430,19.615898,46,2.3450366636286546,Win Back & Clear Stock,Lost Customers,50
21494,19.408018,47,2.421679534716013,Win Back & Clear Stock,Lost Customers,50
21523,25.466373,52,2.0419083628438175,Win Back & Clear Stock,Lost Customers,50
21533,11.501012,27,2.347619496440835,Win Back & Clear Stock,Lost Customers,50
21584,13.249854,28,2.11323083258125,Win Back & Clear Stock,Lost Customers,50
21615,10.905133,24,2.2007984680241868,Win Back & Clear Stock,Lost Customers,50
21616,10.535351,22,2.0882075974497667,Win Back & Clear Stock,Lost Customers,50
21755,22.884804,57,2.4907357738348996,Win Back & Clear Stock,Lost Customers,50
21802,11.911986,28,2.3505736155163377,Win Back & Clear Stock,Lost Customers,50
21833,23.017565,52,2.259144266563383,Win Back & Clear Stock,Lost Customers,50
21874,14.724364,30,2.037439443903995,Win Back & Clear Stock,Lost Customers,50
21876,16.741667,36,2.1503235012379593,Win Back & Clear Stock,Lost Customers,50
21888,23.955454,54,2.2541839532659242,Win Back & Clear Stock,Lost Customers,50
21902,16.686222,41,2.4571170154634165,Win Back & Clear Stock,Lost Customers,50
21907,19.232386,39,2.027829516316904,Win Back & Clear Stock,Lost Customers,50
21912,17.207388,41,2.3826974785481676,Win Back & Clear Stock,Lost Customers,50
21917,27.372704,64,2.338095644478529,Win Back & Clear Stock,Lost Customers,50
21932,17.236357,42,2.4367097989441735,Win Back & Clear Stock,Lost Customers,50
21935,15.929869,32,2.0088049688293106,Win Back & Clear Stock,Lost Customers,50
21967,27.558744,57,2.0683090637222072,Win Back & Clear Stock,Lost Customers,50
21983,17.986666,42,2.335063096184696,Win Back & Clear Stock,Lost Customers,50
21988,21.29397,52,2.442005882416477,Win Back & Clear Stock,Lost Customers,50
21990,16.210117,37,2.2825251662279795,Win Back & Clear Stock,Lost Customers,50
22024,14.939345,33,2.20893218544722,Win Back & Clear Stock,Lost Customers,50
22026,11.961913,29,2.424361387681051,Win Back & Clear Stock,Lost Customers,50
22028,24.834044,55,2.2147017215561027,Win Back & Clear Stock,Lost Customers,50
22030,24.486197,49,2.001127410679576,Win Back & Clear Stock,Lost Customers,50
22049,11.209244,23,2.0518778964932873,Win Back & Clear Stock,Lost Customers,50
22093,18.131304,40,2.2061292447581264,Win Back & Clear Stock,Lost Customers,50
22095,11.068727,23,2.0779263956912115,Win Back & Clear Stock,Lost Customers,50
22097,11.836586,25,2.1120954978065467,Win Back & Clear Stock,Lost Customers,50
22099,11.498097,26,2.261243751900858,Win Back & Clear Stock,Lost Customers,50
22110,12.989621,29,2.2325516656721547,Win Back & Clear Stock,Lost Customers,50
22115,19.550856,40,2.0459462235310824,Win Back & Clear Stock,Lost Customers,50
22131,15.456166,34,2.1997693347755196,Win Back & Clear Stock,Lost Customers,50
22174,17.80139,43,2.4155417076981065,Win Back & Clear Stock,Lost Customers,50
22187,21.303972,45,2.1122821603408037,Win Back & Clear Stock,Lost Customers,50
22271,24.718403,55,2.225062840831586,Win Back & Clear Stock,Lost Customers,50
22303,19.783531,44,2.2240721335336953,Win Back & Clear Stock,Lost Customers,50
22332,11.305173,23,2.034466876358283,Win Back & Clear Stock,Lost Customers,50
22371,10.752416,23,2.1390541437384862,Win Back & Clear Stock,Lost Customers,50
22413,28.912695,66,2.282734279872561,Win Back & Clear Stock,Lost Customers,50
22421,17.160925,36,2.0977890177831324,Win Back & Clear Stock,Lost Customers,50
22437,25.917027,62,2.3922496974672285,Win Back & Clear Stock,Lost Customers,50
22456,18.841223,41,2.1760795464285945,Win Back & Clear Stock,Lost Customers,50
22465,21.715355,44,2.026216011665478,Win Back & Clear Stock,Lost Customers,50
22491,28.293274,63,2.226677619564282,Win Back & Clear Stock,Lost Customers,50
22493,20.042875,41,2.0456147134580247,Win Back & Clear Stock,Lost Customers,50
22505,14.162233,33,2.330141016603808,Win Back & Clear Stock,Lost Customers,50
22536,25.13904,62,2.4662835175885793,Win Back & Clear Stock,Lost Customers,50
22539,11.836028,29,2.4501462821818265,Win Back & Clear Stock,Lost Customers,50
22563,23.746561,51,2.14767940503048,Win Back & Clear Stock,Lost Customers,50
22584,16.484972,36,2.1838071669154187,Win Back & Clear Stock,Lost Customers,50
22603,28.567053,62,2.170332375551654,Win Back & Clear Stock,Lost Customers,50
22624,27.061438,65,2.40194183324626,Win Back & Clear Stock,Lost Customers,50
22670,17.289227,41,2.3714189188446655,Win Back & Clear Stock,Lost Customers,50
22690,10.911709,26,2.3827614904319754,Win Back & Clear Stock,Lost Customers,50
22696,11.176076,23,2.0579673939225183,Win Back & Clear Stock,Lost Customers,50
22729,13.890238,28,2.015804192843924,Win Back & Clear Stock,Lost Customers,50
22751,17.3924,36,2.0698695982153126,Win Back & Clear Stock,Lost Customers,50
22804,20.486115,48,2.3430504026751775,Win Back & Clear Stock,Lost Customers,50
22810,17.687914,37,2.091823829536937,Win Back & Clear Stock,Lost Customers,50
22847,10.992828,25,2.2742100576848836,Win Back & Clear Stock,Lost Customers,50
22892,15.609578,32,2.0500233894856095,Win Back & Clear Stock,Lost Customers,50
22895,15.580975,32,2.0537867495455195,Win Back & Clear Stock,Lost Customers,50
22904,17.418148,39,2.2390440131752243,Win Back & Clear Stock,Lost Customers,50
22906,14.270191,31,2.1723605521467793,Win Back & Clear Stock,Lost Customers,50
22938,13.809164,31,2.2448860771006847,Win Back & Clear Stock,Lost Customers,50
22971,13.837363,30,2.1680431452148796,Win Back & Clear Stock,Lost Customers,50
22972,11.651009,24,2.059907429476709,Win Back & Clear Stock,Lost Customers,50
22985,13.003588,27,2.076350004321884,Win Back & Clear Stock,Lost Customers,50
22995,14.098941,30,2.1278193872858964,Win Back & Clear Stock,Lost Customers,50
22997,20.030472,49,2.4462728586725264,Win Back & Clear Stock,Lost Customers,50
23032,29.468271,65,2.2057622586679755,Win Back & Clear Stock,Lost Customers,50
23089,18.329103,42,2.2914378297726845,Win Back & Clear Stock,Lost Customers,50
23101,28.184874,57,2.022361355952842,Win Back & Clear Stock,Lost Customers,50
23156,15.160322,37,2.440581407175916,Win Back & Clear Stock,Lost Customers,50
23162,11.225071,25,2.227157405062293,Win Back & Clear Stock,Lost Customers,50
23168,28.298542,60,2.1202505768671758,Win Back & Clear Stock,Lost Customers,50
23186,11.87536,28,2.3578232575686124,Win Back & Clear Stock,Lost Customers,50
23196,27.200426,61,2.242611935563068,Win Back & Clear Stock,Lost Customers,50
23214,11.433302,25,2.186594913700347,Win Back & Clear Stock,Lost Customers,50
23220,12.992865,26,2.0010982951027354,Win Back & Clear Stock,Lost Customers,50
23225,12.785656,29,2.2681667643803336,Win Back & Clear Stock,Lost Customers,50
23237,11.240475,25,2.2241052980412306,Win Back & Clear Stock,Lost Customers,50
23280,12.421844,28,2.2540936756249716,Win Back & Clear Stock,Lost Customers,50
23286,21.83043,47,2.152958049841437,Win Back & Clear Stock,Lost Customers,50
23287,16.72751,41,2.4510521888792773,Win Back & Clear Stock,Lost Customers,50
23289,17.009466,41,2.410422525904105,Win Back & Clear Stock,Lost Customers,50
23297,22.475119,45,2.002214092837506,Win Back & Clear Stock,Lost Customers,50
23306,19.082796,46,2.4105482236460527,Win Back & Clear Stock,Lost Customers,50
23327,10.459499,24,2.2945649691251946,Win Back & Clear Stock,Lost Customers,50
23334,28.046774,58,2.0679740208267803,Win Back & Clear Stock,Lost Customers,50
23340,28.640299,70,2.444108561855447,Win Back & Clear Stock,Lost Customers,50
23365,23.498518,51,2.170349636517503,Win Back & Clear Stock,Lost Customers,50
23370,18.935545,42,2.2180507611478832,Win Back & Clear Stock,Lost Customers,50
23388,11.26455,23,2.0418037116440515,Win Back & Clear Stock,Lost Customers,50
23393,17.996576,44,2.4449095205665787,Win Back & Clear Stock,Lost Customers,50
23395,15.273951,32,2.0950702277360977,Win Back & Clear Stock,Lost Customers,50
23432,15.25482,32,2.097697645727711,Win Back & Clear Stock,Lost Customers,50
23433,18.477966,43,2.3270959585053896,Win Back & Clear Stock,Lost Customers,50
23505,11.548406,27,2.3379849998346094,Win Back & Clear Stock,Lost Customers,50
23569,14.036264,34,2.4222969872894953,Win Back & Clear Stock,Lost Customers,50
37340,17.327318,36,2.0776440993349343,Win Back & Clear Stock,Lost Customers,50
47559B,19.356918,47,2.4280724855062155,Win Back & Clear Stock,Lost Customers,50
47590B,20.72993,49,2.3637320531231896,Win Back & Clear Stock,Lost Customers,50
51014C,22.34666,50,2.2374708345676715,Win Back & Clear Stock,Lost Customers,50
72817,21.11253,48,2.273531405283971,Win Back & Clear Stock,Lost Customers,50
84012,12.343384,28,2.2684216905185806,Win Back & Clear Stock,Lost Customers,50
84030E,21.269754,53,2.4918012685995334,Win Back & Clear Stock,Lost Customers,50
84535B,11.064857,24,2.1690293873657835,Win Back & Clear Stock,Lost Customers,50
84971S,11.711815,24,2.0492126967511015,Win Back & Clear Stock,Lost Customers,50
85034B,11.311345,25,2.2101704085588407,Win Back & Clear Stock,Lost Customers,50
85049G,15.6418915,35,2.2375810495808643,Win Back & Clear Stock,Lost Customers,50
85071B,12.975546,32,2.466177531180576,Win Back & Clear Stock,Lost Customers,50
