StockCode,Predicted_7d_Demand
10002,0.4070573
10080,2.0214741
10109,0.033456143
10120,1.9726655
10123C,0.30048433
10123G,0.3455335
10124A,0.19694902
10124G,0.19972621
10125,4.6265903
10133,10.275503
10134,0.23987696
10135,10.892109
10138,0.1558476
11001,10.750155
15030,0.8833337
15034,23.695354
15036,78.67598
15039,6.780918
15044A,4.1621966
15044B,0.8336226
15044C,2.4443383
15044D,3.6757963
15056BL,30.694668
15056N,35.394714
15056P,6.8779416
15058A,0.9448834
15058B,0.66774535
15058C,0.428122
15059A,0.033456143
15060B,5.07644
16008,18.866154
16010,0.12342077
16011,9.732148
16012,3.0087595
16014,14.270042
16015,2.617404
16016,6.789309
16020C,0.1328595
16033,0.42879474
16043,0.3455335
16044,0.39383316
16045,51.429504
16046,2.182802
16047,0.4515384
16048,9.428717
16049,0.35408568
16050,0.18483311
16051,0.35132626
16052,0.35968128
16053,0.36868262
16054,6.9196424
16119,0.033456143
16151A,0.13085252
16156L,1.233845
16156N,0.36045417
16156S,42.364445
16161C,0.033456143
16161E,0.18762368
16161G,3.2354083
16161M,0.35968128
16161P,53.62366
16161U,27.539787
16162L,0.9950737
16162M,0.47058508
16168M,1.4478599
16168S,0.25730988
16169A,0.10128805
16169C,0.3606576
16169D,0.033456143
16169E,77.30081
16169F,0.3079004
16169G,0.033456143
16169K,1.1752267
16169M,3.1130567
16169N,0.3541811
16169P,0.34210923
16201A,0.13547264
16201B,0.033456143
16202A,0.304033
16202B,0.3606576
16202C,0.13547264
16202E,0.1328595
16206B,0.17495157
16207A,0.22930834
16207B,0.12069222
16212,0.23026262
16215,0.033456143
16216,10.007176
16218,17.107687
16219,13.301098
16225,5.494009
16235,12.64719
16236,9.479137
16237,37.303234
16238,9.012575
16239,0.23328224
16243B,0.21539108
16244A,0.18762368
16244B,0.23026262
16245A,0.054290794
16248B,0.36758184
16254,1.2579944
16256B,0.25738144
16256C,0.18483311
16258A,2.811985
16258B,0.033456143
16259,5.6034718
17001,0.3630414
17003,115.13216
17007B,0.12342077
17011A,0.21530247
17011B,0.09383606
17011C,0.033456143
17011D,0.075082846
17011E,0.033456143
17011F,0.21461298
17012A,2.90203
17012B,3.031285
17012C,3.4992747
17012D,3.578007
17012E,0.13085252
17012F,3.3614795
17013B,0.033456143
17013C,0.17495157
17013D,0.35968128
17013F,0.1328595
17014A,0.21530247
17014C,0.033456143
17014D,0.28960696
17014E,0.17495157
17014F,0.1328595
17021,7.893909
17027A,0.21539108
17028J,0.04765362
17033,0.34843498
17038,3.899079
17039,0.3529577
17061,0.033456143
17084A,0.46823454
17084G,0.033456143
17084J,0.46990582
17084N,5.281781
17084P,1.8880703
17084R,12.000759
17090A,0.38764024
17090D,0.17683208
17091A,0.34902966
17091B,0.21539108
17091F,0.033456143
17091J,11.63117
17096,0.4211001
17107D,1.7630867
17108D,0.21530247
17109A,0.29827547
17109B,0.36868262
17109C,0.34917584
17109D,0.35189867
17129C,0.1728367
17129D,0.25738144
17129F,1.5666175
17136A,1.9813688
17164B,0.34551284
17164D,0.3079004
17165B,0.26239508
17165D,0.30048433
17174,0.20393318
17178,0.18399002
17181,0.21530247
17191A,0.16617313
18007,0.43278465
18010,0.050800785
18094C,0.5621443
18096C,0.13547264
18097A,0.09383606
18097B,0.03455532
18097C,2.1859534
18098A,0.033456143
18098B,0.033456143
18098C,0.5074321
20615,2.1085403
20616,0.82906866
20617,1.2585562
20618,0.6627622
20619,0.6759782
20620,0.033456143
20621,0.18762368
20622,1.0439229
20652,2.4977832
20653,0.7486071
20654,1.0008603
20655,0.9441193
20657,1.3137977
20658,1.4171113
20659,1.3072169
20660,0.09604395
20661,0.87663263
20662,0.58784616
20663,0.5106773
20664,0.117683806
20665,2.2970815
20666,0.35968128
20667,0.09383606
20668,132.92653
20669,2.2415733
20670,0.7117226
20671,0.3079004
20672,0.17495157
20673,0.033456143
20674,10.719874
20675,16.56174
20676,33.45759
20677,22.926434
20678,0.07865798
20679,18.54399
20680,0.039951548
20681,0.3630414
20682,14.840066
20683,0.033456143
20684,0.31237543
20685,37.188137
20686,2.9969828
20688,0.25738144
20689,0.25730988
20692,0.304033
20693,0.09604395
20694,0.31996256
20695,0.24836467
20696,0.46627897
20697,0.25269005
20698,0.27351707
20699,0.37606025
20700,0.09677066
20701,0.075082846
20702,0.9857332
20703,0.25738144
20704,1.1136688
20705,0.6810415
20707,1.4471843
20711,31.138683
20712,92.097786
20713,101.45746
20714,0.033456143
20715,0.033456143
20716,0.34722048
20717,19.007956
20718,49.565342
20719,90.67296
20721,0.033456143
20723,77.65167
20724,192.34076
20725,311.93292
20726,125.15772
20727,200.526
20728,166.48573
20729,0.36059815
20730,0.34210923
20731,0.34727785
20733,3.481966
20734,0.34280825
20735,1.4658285
20736,0.12342077
20738,0.34551284
20747,0.18762368
20748,0.8566862
20749,18.847027
20750,20.323826
20751,8.918096
20752,3.3759172
20753,0.033456143
20754,11.134595
20755,6.213534
20756,2.484851
20757,2.9411356
20758,4.1962605
20759,2.6142778
20760,2.7347221
20761,1.5750072
20762,1.1964022
20763,0.94377023
20764,2.0620742
20765,1.381626
20766,1.6649575
20767,2.4792333
20768,1.45734
20769,0.98514116
20770,0.9806757
20771,1.185781
20772,2.777896
20773,0.7870245
20774,1.4037925
20775,2.0180511
20776,0.3499322
20777,3.0708551
20778,0.36577186
20780,0.35147136
20781,0.38957933
20782,0.3390784
20783,0.17495157
20784,0.09677066
20785,0.13085252
20786,0.09604395
20787,0.054290794
20791,0.039951548
20793,0.29869086
20794,0.51672256
20795,0.48036176
20796,0.43154928
20798,0.26385567
20799,0.18762368
20800,0.3606576
20801,0.35132626
20802,2.1864653
20803,0.3630414
20804,0.17641549
20812,0.033456143
20814,0.13085252
20816,0.10128805
20818,0.1328595
20819,0.6744246
20820,0.054290794
20821,0.15774748
20822,0.033456143
20823,0.21539108
20825,0.231115
20826,0.23026262
20827,0.18483311
20828,11.39386
20829,14.327476
20830,0.46908957
20831,1.2149535
20832,5.8379583
20833,0.13085252
20835,0.34854028
20836,1.3323561
20837,0.74132234
20838,2.475095
20839,3.5591807
20840,2.3878736
20845,0.16099474
20846,4.1729007
20847,0.3961524
20848,0.23694877
20849,0.304033
20850,0.31581
20851,0.23266943
20854,0.23328224
20855,0.1868608
20856,0.37463102
20857,0.21539108
20858,0.033456143
20860,0.09383606
20861,0.12342077
20862,0.21530247
20863,0.2185077
20864,0.21539108
20865,0.21539108
20866,3.0992198
20867,1.0591317
20868,3.2498853
20869,1.4461015
20870,0.033456143
20871,0.36107084
20877,0.033456143
20878,0.29827547
20879,0.033456143
20881,0.033456143
20882,0.033456143
20884,0.033456143
20885,0.033456143
20886,2.982804
20887,0.033456143
20888,0.23026262
20889,0.26385567
20890,0.039951548
20891,0.033456143
20892,0.13085252
20893,1.2750301
20894,0.71037394
20895,0.033456143
20896,0.12342077
20897,0.34686175
20898,0.28830954
20899,0.1263563
20901,0.13082951
20902,0.14491276
20903,0.1823511
20905,0.033456143
20906,0.1328595
20910,0.13547264
20913,0.033456143
20914,93.58806
20931,1.7589266
20932,1.0920432
20933,0.5942511
20934,0.72142696
20935,0.35782412
20936,1.1039875
20939,0.033456143
20940,0.033456143
20941,0.23987696
20942,0.033456143
20943,0.21539108
20950,0.29827547
20952,0.23026262
20953,0.09383606
20956,10.32864
20957,0.1328595
20958,0.10128805
20960,0.34551284
20961,11.131273
20963,10.875561
20964,0.09383606
20966,0.3455335
20967,0.3606576
20968,0.033456143
20969,21.98776
20970,17.598433
20971,94.5606
20972,112.15346
20973,52.167286
20974,46.758224
20975,76.77925
20976,0.25730988
20977,12.117451
20978,19.886156
20979,40.48605
20980,0.245865
20981,24.031425
20982,30.087471
20983,32.20808
20984,25.612877
20985,5.4689593
20986,4.397438
20987,0.033456143
20988,0.0670094
20989,0.1868608
20990,0.28960696
20991,0.39777333
20992,46.313725
20993,0.4493699
20994,0.033456143
20996,30.251204
20997,0.24310884
20998,0.7021979
21000,0.52853614
21001,0.3905399
21002,0.26276982
21003,0.19256736
21004,0.1558476
21007,0.3630414
21009,0.29827547
21010,0.29827547
21011,0.34247264
21012,5.9148827
21014,18.941734
21015,16.730349
21016,0.304033
21017,0.23266943
21018,0.18762368
21025,0.52680415
21026,1.4088728
21027,0.8691222
21028,1.0231481
21030,0.883198
21031,0.42099124
21032,0.5388205
21033,1.1317958
21034,34.036293
21035,15.767257
21036,0.033456143
21038,0.18762368
21039,3.8998952
21040,0.21539108
21041,3.8150506
21042,2.5762763
21043,0.30048433
21051,0.88286245
21054,0.38865823
21055,2.248168
21056,1.2921453
21058,7.486205
21059,4.978037
21060,3.2516305
21061,2.515731
21062,3.376864
21063,3.7462873
21064,2.4312449
21065,1.209639
21066,3.9138489
21067,0.85231996
21068,10.448344
21069,1.356854
21070,6.874778
21071,6.850523
21076,0.29827547
21077,0.34843498
21078,10.64022
21080,131.02272
21081,0.033456143
21082,0.40373993
21084,8.416703
21085,0.47274446
21086,47.308235
21087,0.21539108
21088,12.771811
21089,0.4929125
21090,7.748386
21091,0.47274446
21092,0.42879474
21094,54.0678
21095,0.21539108
21096,8.020268
21097,0.12342077
21098,25.656494
21099,0.42879474
21100,0.36930895
21102,0.13085252
21106,1.7659224
21107,4.3943806
21108,97.09178
21109,2.5444171
21110,2.9966335
21111,2.276322
21112,4.001878
21114,14.251671
21115,4.418062
21116,5.913718
21117,1.2160174
21118,0.033456143
21121,54.488194
21122,40.781673
21123,6.6134963
21124,30.12906
21125,4.9958773
21126,3.2399547
21127,0.2185077
21128,0.38298154
21129,0.548322
21130,0.304033
21131,0.77757144
21132,0.3889922
21133,0.18399002
21134,0.18762368
21135,19.091333
21136,60.04513
21137,73.85247
21143,0.83999044
21144,0.231115
21145,0.634862
21146,0.29827547
21147,2.015847
21153,0.23266943
21154,28.608625
21155,22.314035
21156,36.02731
21157,0.4130826
21158,13.240062
21159,9.800675
21160,0.21539108
21161,0.3441353
21162,12.702885
21163,10.591197
21164,15.103141
21165,35.71498
21166,101.40183
21167,4.5848966
21169,41.70315
21171,0.4176849
21172,40.57365
21173,0.21711431
21174,43.34737
21175,112.88116
21179,14.4140835
21181,137.7578
21185,0.13085252
21186,0.36059815
21187,0.39621806
21188,0.53572136
21189,1.4502687
21190,0.5555753
21191,3.6791306
21192,5.08974
21193,0.1328595
21194,2.6515777
21195,0.29827547
21196,0.53926975
21197,1.1756738
21198,2.3859935
21199,1.5406507
21200,4.0026364
21201,5.230881
21202,1.0947797
21203,0.34551284
21204,3.1215925
21205,1.586979
21206,3.9985352
21207,10.205281
21208,5.172389
21209,4.8916492
21210,61.03853
21211,5.175903
21212,366.34076
21213,168.84337
21214,0.35329
21215,6.3785205
21216,12.806422
21217,9.107137
21218,13.863289
21219,3.117765
21220,2.2007508
21221,1.1399828
21222,2.2333198
21223,0.25738144
21224,6.3528633
21225,0.033456143
21226,0.33359605
21228,0.1728367
21231,72.67784
21232,107.24096
21238,26.528704
21239,15.943031
21240,15.59185
21241,0.34902966
21242,16.696623
21243,13.280932
21244,5.2013187
21245,5.4960175
21246,0.88606197
21247,0.23328224
21248,3.055194
21249,5.781857
21250,0.7235421
21251,1.8592087
21252,0.0670094
21253,0.7065718
21255,0.2185077
21256,0.17641549
21257,5.8937764
21258,4.611581
21259,10.052983
21260,7.3035016
21261,2.3174784
21262,4.188916
21263,2.7428243
21264,3.6475892
21265,1.6410491
21267,0.033456143
21268,0.23026262
21269,0.44206274
21270,0.17384262
21272,0.48238394
21274,0.18762368
21275,0.16245277
21276,0.09383606
21277,0.3612336
21278,0.3691914
21279,1.347381
21280,1.1472857
21281,0.6187972
21282,0.21539108
21283,0.23987696
21284,2.0441866
21285,2.0156412
21286,1.7737077
21287,12.140808
21288,2.5908763
21289,2.3543243
21291,4.804427
21292,4.0638103
21293,1.4680766
21294,2.6167064
21298,0.13085252
21299,0.18762368
21300,0.13085252
21303,0.13547264
21304,0.13547264
21306,3.3436425
21307,0.23229018
21308,0.033456143
21309,0.033456143
21310,0.039951548
21311,3.4778602
21312,0.2185077
21313,16.178957
21314,39.753048
21316,0.304033
21317,1.1369826
21318,0.35132626
21319,0.26239508
21320,0.23987696
21321,0.13547264
21322,0.033456143
21323,0.23987696
21324,0.29827547
21326,80.33563
21327,8.505832
21328,13.221129
21329,10.17388
21330,0.36930895
21331,0.36391488
21332,0.3359031
21333,0.35189867
21335,0.10128805
21336,0.33968788
21337,0.050800785
21338,0.050800785
21339,0.06634797
21340,8.803274
21341,0.054464538
21343,0.050800785
21344,0.39639032
21347,0.033456143
21348,0.30048433
21349,0.68569845
21350,0.21539108
21351,2.3841076
21352,3.7574162
21353,0.033456143
21354,3.6001537
21355,2.85815
21356,3.4473984
21357,0.35132626
21358,2.9327304
21359,0.40186387
21360,0.25730988
21361,0.318137
21363,1.0068082
21364,0.5088315
21365,2.523051
21366,0.16713148
21367,1.223125
21368,1.1386036
21369,0.65969574
21370,0.23266447
21371,1.5954709
21372,0.9177699
21373,4.589266
21374,2.0703714
21375,0.34961224
21376,0.37377447
21377,1.2451396
21378,1.0045546
21379,1.2001638
21380,16.190723
21381,11.302635
21382,4.9129515
21383,1.7655152
21384,0.3449577
21385,20.121174
21386,3.635502
21387,0.10128805
21388,0.21539108
21389,2.822788
21390,25.56898
21391,3.7543855
21392,0.38976005
21393,0.39787006
21394,14.800699
21395,5.8473644
21396,0.3024801
21397,0.34902966
21398,0.34902966
21399,0.3455335
21400,5.567382
21401,5.089738
21402,6.8797483
21403,7.6063724
21407,3.4521625
21408,3.0706728
21409,0.033456143
21410,0.21539108
21411,7.564805
21412,0.20092829
21413,0.9470975
21414,0.34210923
21415,1.6115713
21416,0.3096583
21417,1.4873835
21418,0.39401236
21419,0.34280825
21420,0.41729096
21421,0.3441353
21422,6.9641323
21424,1.706863
21425,1.1412206
21426,1.3928715
21427,1.5806798
21428,9.3472
21429,26.52172
21430,19.615898
21431,0.3447672
21432,0.35968128
21437,0.25738144
21438,0.17641549
21439,4.7428274
21440,0.23328224
21441,1.9195141
21442,2.0809276
21443,0.12342077
21444,0.1272089
21445,0.3525906
21446,3.5197768
21447,2.2774446
21448,1.4144379
21450,0.033456143
21452,7.4187
21454,1.0174403
21455,0.8037727
21456,0.27266625
21457,0.40360138
21458,0.43867987
21459,0.21530247
21460,0.17495157
21461,0.13547264
21462,1.533363
21463,6.394207
21464,3.174123
21465,2.4593422
21466,2.755013
21467,2.2356281
21468,1.1310709
21469,1.9304286
21470,3.151148
21471,3.1177948
21472,0.36782664
21473,0.4910219
21474,0.21539108
21475,0.033456143
21476,0.35396495
21477,0.03455532
21478,0.20092829
21479,34.369736
21480,0.033456143
21481,46.839905
21482,0.2185077
21484,29.537895
21485,51.233627
21486,0.25730988
21488,0.34210923
21489,0.033456143
21490,0.075082846
21491,0.3455335
21493,0.03455532
21494,19.408018
21495,43.974155
21496,0.033456143
21497,84.42623
21498,117.61156
21499,52.801502
21500,59.525993
21503,2.456467
21504,14.819
21506,38.33554
21507,30.192297
21508,18.59564
21509,31.843328
21511,0.1272089
21518,0.3606576
21519,25.453127
21520,1.9517775
21523,25.466373
21524,19.907404
21525,0.033456143
21527,0.35637718
21528,2.4629052
21529,0.25730988
21530,5.639904
21531,12.887394
21532,0.34581992
21533,11.501012
21534,3.8841872
21535,22.049406
21536,0.18762368
21537,2.33366
21538,0.3447672
21539,9.110568
21540,0.34280825
21541,0.34247264
21542,0.34581992
21543,0.033456143
21544,14.58316
21545,0.26239508
21547,0.26385567
21548,0.25730988
21549,0.2185077
21550,0.1868608
21551,0.033456143
21552,0.054290794
21553,0.09677066
21554,0.03455532
21555,0.5755804
21556,1.2669895
21557,1.6686394
21558,17.627724
21559,33.63122
21561,9.035257
21562,1.6001399
21563,5.574298
21564,3.6787014
21576,2.3522105
21577,5.7087874
21578,2.5010896
21579,1.5424466
21580,1.0168568
21581,2.184275
21582,0.033456143
21584,13.249854
21585,0.033456143
21586,3.275238
21587,1.6330023
21588,14.129646
21589,0.3096583
21590,0.34917584
21591,20.439194
21592,18.69392
21593,0.29827547
21609,0.9026692
21610,0.25730988
21611,0.29827547
21612,0.29827547
21613,1.0765212
21614,0.34722048
21615,10.905133
21616,10.535351
21617,5.45308
21618,3.8494017
21619,12.570667
21620,10.242694
21621,23.324804
21622,2.5636625
21623,8.355769
21624,3.9946053
21625,3.941319
21626,1.9422265
21627,0.51058537
21628,0.59621197
21629,0.8122209
21630,0.6512346
21631,0.29183415
21632,0.17641549
21633,0.4411309
21634,1.4565941
21635,0.26721594
21636,9.039165
21637,0.5865599
21638,2.527242
21639,0.033456143
21640,4.907624
21641,2.236965
21642,24.42597
21643,3.2664967
21644,1.4983941
21645,0.3024801
21647,1.6029612
21648,4.529359
21649,0.033456143
21650,11.627904
21651,0.34521016
21652,0.31581
21653,0.34521016
21654,1.1127648
21655,0.34280825
21656,0.31581
21657,0.21539108
21658,0.39929768
21659,0.17464364
21661,0.21539108
21662,0.30982366
21663,0.13085252
21664,0.47041678
21665,0.304033
21666,2.879322
21667,0.23026262
21668,48.703495
21669,53.34159
21670,41.67109
21671,39.200832
21672,41.206043
21673,33.663612
21674,0.10128805
21675,3.5113108
21676,2.2906055
21677,5.542639
21678,1.1678653
21679,9.883314
21680,7.0730147
21681,0.18762368
21682,2.4558651
21683,3.6566482
21684,3.1028483
21685,0.033456143
21686,0.29060978
21687,0.23987696
21688,1.9609876
21689,0.9694403
21690,0.21539108
21691,0.21461298
21692,0.25738144
21693,3.3313506
21694,1.2978436
21695,2.7128575
21696,1.2105345
21697,0.21530247
21698,2.079617
21699,0.17495157
21700,3.9958854
21702,0.34843498
21703,53.700714
21704,57.640038
21705,9.984664
21706,3.6261632
21707,2.0509033
21708,2.037387
21709,1.4450411
21710,1.3666662
21711,0.87616754
21713,2.3474448
21714,3.1345658
21715,5.1318045
21716,4.542314
21717,0.34521016
21718,4.5834413
21719,1.8848103
21720,0.3697458
21721,0.87970585
21722,0.5359798
21723,1.0542324
21724,2.8409655
21725,1.3394166
21726,1.3832138
21728,0.1328595
21729,0.0670094
21730,4.064286
21731,152.15726
21732,0.3096583
21733,89.417244
21734,0.13085252
21735,1.1039658
21736,0.18762368
21737,0.23266943
21738,0.44462487
21739,2.4062955
21740,0.0670094
21741,1.7661774
21742,3.0384307
21743,0.78777087
21744,7.300284
21745,11.742744
21746,7.630738
21747,1.6687942
21749,2.715463
21750,0.52611506
21752,0.1328595
21754,34.46473
21755,22.884804
21756,6.6897573
21757,0.1328595
21758,0.48828006
21759,0.10128805
21760,0.075082846
21761,0.2520094
21763,0.13085252
21764,0.054290794
21765,0.231115
21767,0.033456143
21768,0.25738144
21769,0.18399002
21770,17.454906
21772,0.033456143
21773,2.9141889
21774,3.761937
21775,2.196821
21777,0.3606576
21779,0.033456143
21780,0.033456143
21781,0.30368215
21784,0.35327074
21785,0.35408568
21786,12.056882
21787,53.26513
21788,8.489393
21789,7.476555
21790,226.66129
21791,100.306305
21792,0.3722995
21793,2.4021804
21794,3.354911
21795,0.25738144
21796,0.23026262
21801,4.232691
21802,11.911986
21803,11.920322
21804,3.4173822
21805,0.336689
21806,0.34677774
21807,3.4334736
21808,2.2704096
21809,21.602451
21810,78.657104
21811,77.90521
21812,3.0112004
21813,3.045056
21814,1.1820468
21815,1.5832919
21816,0.8688931
21817,12.128887
21818,47.12387
21819,33.93202
21820,4.1448994
21821,4.198321
21822,7.4741964
21823,16.53231
21824,23.330751
21825,0.3024801
21826,0.34722048
21827,0.3096583
21828,3.988956
21829,33.848034
21830,10.207713
21832,7.5071993
21833,23.017565
21836,0.21461298
21837,0.18762368
21838,0.033456143
21839,0.18762368
21841,1.7647022
21842,0.1263563
21843,17.78815
21844,12.414806
21845,7.4606957
21846,1.4056972
21847,0.48386455
21849,0.9825783
21850,0.70644206
21851,0.5823087
21852,0.033456143
21864,3.112936
21865,1.7236408
21866,5.1938405
21867,2.285373
21868,4.784797
21869,0.35968128
21870,0.39845398
21871,30.841837
21872,13.160398
21873,4.2712855
21874,14.724364
21875,11.252301
21876,16.741667
21877,33.37327
21878,5.534122
21879,2.5761735
21880,8.080729
21881,2.4462202
21882,2.489499
21883,7.648326
21884,2.114265
21888,23.955454
21889,102.839714
21890,12.6616745
21891,56.361168
21892,45.233646
21893,0.033456143
21894,3.2849593
21895,0.21530247
21896,2.4899704
21897,0.35968128
21898,0.3079004
21899,19.643625
21900,24.839153
21901,18.514275
21902,16.686222
21903,9.36593
21904,0.25730988
21905,7.140916
21906,3.9585903
21907,19.232386
21908,38.69793
21910,0.3079004
21911,0.34902966
21912,17.207388
21913,2.937253
21914,120.55185
21915,184.13617
21916,33.927822
21917,27.372704
21918,48.61026
21922,3.5028048
21923,0.23266943
21924,0.23026262
21925,2.6331775
21926,2.8983133
21927,5.8140774
21928,97.3298
21929,104.68429
21930,71.82906
21931,177.67987
21932,17.236357
21933,14.1316185
21934,11.137292
21935,15.929869
21936,14.078735
21937,0.6071418
21942,1.3240318
21943,0.74225396
21944,1.8183906
21945,2.2684138
21946,0.54971945
21947,4.2216673
21948,3.4887857
21949,3.6661282
21950,0.21461298
21955,5.1629953
21967,27.558744
21972,2.53585
21973,2.302126
21974,27.99721
21975,102.34771
21976,43.165318
21977,188.73387
21980,60.714733
21981,42.29268
21982,62.399384
21983,17.986666
21984,44.912186
21985,72.00799
21986,29.873648
21987,22.317707
21988,21.29397
21989,24.843546
21990,16.210117
21991,6.183114
21992,19.588425
21993,21.737442
22021,0.34280825
22023,9.128669
22024,14.939345
22025,8.243229
22026,11.961913
22027,35.637257
22028,24.834044
22029,76.84003
22030,24.486197
22031,2.6251059
22032,2.765754
22033,0.360967
22034,0.34722048
22035,4.0165987
22036,0.34722048
22037,32.94183
22038,1.9133253
22039,1.6865987
22040,3.849829
22041,31.011217
22042,3.2848628
22043,15.354105
22044,9.405426
22045,56.617817
22046,13.986438
22047,22.924416
22048,4.1719475
22049,11.209244
22050,6.8299046
22051,4.412874
22052,0.36555824
22053,1.9532554
22054,0.21461298
22055,9.0781975
22056,0.29827547
22057,3.9736528
22058,0.25730988
22059,8.361854
22060,0.304033
22061,4.3431334
22062,2.38072
22063,3.5742218
22064,13.822939
22065,98.023895
22066,14.784361
22067,3.7212844
22068,3.733232
22069,2.4459314
22070,7.333163
22071,5.88027
22072,5.720704
22073,0.33968788
22074,5.8195744
22075,12.711577
22076,8.785469
22077,140.32735
22078,15.931234
22079,17.058327
22080,20.386988
22081,5.907772
22082,37.871506
22083,58.886353
22084,1.761594
22085,4.650839
22086,396.14917
22087,12.160018
22088,0.36577186
22089,9.116441
22090,55.324875
22091,18.633202
22092,6.5549116
22093,18.131304
22094,19.431614
22095,11.068727
22096,9.343292
22097,11.836586
22098,17.176302
22099,11.498097
22100,4.0575933
22101,2.352464
22102,1.2481352
22103,1.3942556
22104,1.3732754
22105,0.48065853
22106,0.86656654
22107,3.8167
22108,1.1247243
22109,13.767471
22110,12.989621
22111,82.801735
22112,129.40367
22113,53.29565
22114,106.23295
22115,19.550856
22116,5.7841167
22117,2.903092
22118,3.4838905
22119,4.797819
22120,5.0919333
22121,6.474613
22122,0.35968128
22123,3.5522037
22124,1.0230066
22125,0.28063253
22127,0.3499322
22128,6.762329
22129,3.115912
22130,25.828203
22131,15.456166
22132,5.4787464
22133,3.425469
22134,3.68804
22135,3.3939435
22136,2.1970072
22137,0.46374524
22138,100.009605
22139,79.77612
22141,67.07675
22142,71.499756
22143,0.23987696
22144,89.66768
22145,0.3630414
22146,0.36930895
22147,48.118736
22148,1.9172306
22149,41.165703
22150,40.889435
22151,81.932655
22152,24.146751
22153,26.318756
22154,45.831284
22155,27.052227
22156,17.421045
22157,1.0052311
22158,63.24157
22161,50.347893
22162,1.3975388
22163,8.084793
22164,0.843716
22165,1.5310737
22166,0.6279352
22167,1.3513957
22168,0.3024801
22169,13.700523
22170,9.867176
22171,8.445862
22172,0.231115
22173,22.55525
22174,17.80139
22175,10.089703
22176,4.9675884
22177,0.2185077
22178,250.95602
22179,8.941698
22180,3.472001
22181,4.0745544
22182,2.0438018
22183,0.30357045
22184,0.21530247
22185,11.76802
22186,18.04488
22187,21.303972
22188,16.922098
22189,51.42875
22190,2.9615362
22191,14.83317
22192,11.719318
22193,17.7257
22194,0.23328224
22195,16.449026
22196,22.311573
22197,636.0154
22198,0.39383316
22199,4.4851785
22200,3.842313
22201,1.5396539
22202,0.35968128
22203,3.5871758
22204,1.2919142
22207,8.229031
22208,16.10956
22209,8.570728
22210,10.666673
22211,10.469383
22212,14.594348
22214,0.74123085
22215,3.0770469
22216,1.5477859
22217,4.539518
22218,0.3606576
22219,37.432114
22220,2.8421705
22221,1.7841859
22222,4.676859
22223,1.1814047
22224,5.2247186
22227,16.019987
22228,3.9288425
22229,2.6969018
22230,3.694296
22231,6.130622
22232,4.5153804
22233,3.6903703
22236,3.1894054
22241,1.748234
22242,0.36868262
22243,3.241746
22244,5.439714
22245,0.73522097
22246,2.5567443
22247,0.50500095
22248,0.9588462
22249,0.49518088
22250,0.36987838
22251,1.3934519
22252,4.871868
22253,0.31581
22254,1.8633301
22255,2.816943
22256,0.35968128
22257,0.37435657
22258,0.7334588
22259,0.28960696
22260,1.8898597
22261,2.1907601
22262,3.8633962
22263,1.2780493
22264,0.33968788
22265,1.3222296
22266,7.0009604
22267,3.4232788
22268,6.3437905
22269,8.341489
22270,0.76470435
22271,24.718403
22272,0.34280825
22273,29.889957
22274,19.739246
22275,0.31581
22276,2.6395564
22277,4.000609
22278,3.541618
22279,3.9174767
22280,1.9314967
22281,0.33663845
22282,1.7051871
22283,2.847474
22284,3.393521
22285,3.0844338
22286,5.2707644
22287,2.7809675
22288,1.0484238
22289,0.51016694
22290,0.23328224
22291,2.310744
22292,2.275483
22293,3.0422337
22294,49.77652
22295,22.277777
22296,28.568914
22297,37.89834
22299,7.2148733
22300,11.475143
22301,15.551578
22302,17.66687
22303,19.783531
22304,3.7711189
22305,2.6041284
22306,18.367426
22307,11.477321
22308,1.5880102
22309,4.591886
22310,3.9084363
22311,7.0919204
22312,4.288769
22313,2.6368287
22314,4.623361
22315,4.6177163
22316,1.7549887
22317,1.4327035
22318,3.2613478
22319,6.795148
22320,2.7047253
22321,4.3194413
22322,1.4267597
22323,0.26385567
22324,1.98288
22325,2.3786933
22326,96.147026
22327,11.470863
22328,50.96071
22329,12.8717
22330,0.1328595
22331,15.342977
22332,11.305173
22333,41.247986
22334,6.204893
22335,15.142661
22336,19.380688
22337,5.479785
22338,58.066402
22339,23.369911
22340,15.256718
22341,3.3555448
22342,5.4815865
22343,4.3335977
22344,2.1312304
22345,2.1090796
22346,1.3640745
22347,0.34677774
22348,33.982895
22349,8.113311
22350,6.3497686
22351,0.054464538
22352,26.586494
22353,0.34970948
22354,3.9164639
22355,105.495605
22356,90.628365
22357,3.6019304
22358,4.627074
22359,2.834907
22360,8.127992
22361,5.8246393
22362,3.1183717
22363,2.0502813
22364,4.7514915
22365,7.326338
22366,8.739402
22367,52.790543
22371,10.752416
22372,3.5890484
22374,6.9539933
22375,3.2865195
22376,3.0629964
22377,6.3547
22378,5.5775604
22379,61.531536
22380,14.91452
22381,30.834547
22382,163.73189
22383,169.79556
22384,134.86987
22385,84.75872
22386,330.11597
22389,2.0040703
22390,2.0450597
22391,0.7089276
22393,2.4548135
22394,0.6552458
22395,0.572773
22396,10.025283
22398,30.939526
22399,4.4770126
22400,15.681111
22402,16.938927
22403,7.6546593
22405,2.7499604
22406,3.9669232
22407,1.0221599
22408,1.6770014
22409,3.384227
22410,2.9697053
22411,163.14372
22412,6.708794
22413,28.912695
22414,2.96016
22415,0.21539108
22416,4.2743397
22417,76.9836
22418,59.638435
22419,23.494469
22420,8.915838
22421,17.160925
22422,8.632966
22423,161.50275
22424,7.8105173
22425,3.8181603
22426,5.478228
22427,14.30458
22428,2.5134568
22429,12.733625
22430,4.518273
22431,7.6160846
22432,6.5448112
22433,4.37623
22434,7.53214
22435,16.414423
22436,18.125555
22437,25.917027
22438,3.0352712
22439,15.710094
22440,19.799988
22441,10.339825
22442,1.9294088
22443,0.398969
22444,0.4493699
22445,4.3745904
22446,1.9635947
22447,0.41345352
22448,1.9150215
22449,3.5994604
22450,1.8406972
22451,0.34280825
22452,3.9763343
22453,2.2330656
22454,1.9765153
22456,18.841223
22457,107.778946
22458,0.3449577
22459,0.34581992
22460,20.119638
22461,0.7793727
22464,30.229591
22465,21.715355
22466,22.888042
22467,83.170425
22468,5.9771647
22469,173.67393
22470,96.98177
22471,2.3317175
22472,2.535311
22473,2.750793
22474,2.574603
22475,4.103133
22476,3.4393053
22477,3.975134
22478,5.237587
22479,2.972467
22480,0.8452897
22481,5.079631
22482,0.3455335
22483,7.5688405
22485,4.5950136
22486,0.35072201
22487,9.006591
22488,33.428974
22489,85.260956
22491,28.293274
22492,240.4593
22493,20.042875
22494,6.3616266
22495,2.6267626
22496,3.119024
22497,2.447858
22498,2.801395
22499,5.6751966
22500,2.290196
22501,2.3900263
22502,2.0116098
22503,0.44949174
22504,0.9508131
22505,14.162233
22507,21.811064
22508,12.423445
22509,1.6661047
22510,1.3037972
22511,1.1038002
22512,1.4638033
22513,2.2989988
22514,1.6024567
22515,1.3996036
22516,0.62880385
22517,1.5458277
22518,0.34722048
22519,0.34722048
22520,0.3455335
22521,0.3455335
22522,3.1856978
22523,3.0077982
22524,0.336689
22525,0.336689
22526,1.5159198
22528,0.39787006
22529,5.975386
22530,38.273033
22531,26.208532
22532,7.0081224
22533,8.077251
22534,44.050556
22535,15.942737
22536,25.13904
22537,21.929317
22538,1.7824643
22539,11.836028
22540,7.402421
22541,2.1280084
22543,3.5916522
22544,22.962648
22545,6.236379
22546,9.69886
22547,3.625763
22548,14.490517
22549,42.21222
22550,9.80382
22551,93.82343
22553,56.595833
22554,86.15219
22555,67.64804
22556,67.688965
22557,58.041943
22558,74.798134
22559,1.8965782
22560,72.13994
22561,77.36032
22562,17.871063
22563,23.746561
22564,15.30296
22565,7.5594854
22566,10.421078
22567,16.949524
22568,43.286697
22569,22.042715
22570,20.313612
22571,43.279243
22572,27.538286
22573,42.429047
22574,42.78663
22575,11.777271
22576,25.085344
22577,246.86891
22578,260.52594
22579,161.26332
22580,19.740623
22581,16.160421
22582,8.082969
22583,4.1961794
22584,16.484972
22585,68.953636
22586,7.380038
22587,9.7904005
22588,14.420512
22589,6.255733
22591,7.507206
22592,10.848869
22593,41.120815
22594,34.179543
22595,93.576
22596,68.17175
22597,38.09068
22598,9.2258005
22599,20.53201
22600,34.987118
22601,35.68158
22602,31.207394
22603,28.567053
22604,5.728536
22605,5.9230795
22606,2.3354235
22607,7.0238256
22608,25.164154
22609,49.95646
22610,96.869606
22611,1.5317243
22612,0.3606576
22613,9.44594
22614,29.453953
22615,10.226369
22616,140.71411
22617,33.35559
22618,0.3079004
22619,29.660622
22620,49.899487
22621,105.86659
22622,14.012504
22623,14.435509
22624,27.061438
22625,18.575836
22626,4.377581
22627,11.842769
22628,5.49799
22629,132.21722
22630,104.41359
22631,24.010944
22632,93.15818
22633,124.08435
22634,8.345065
22635,7.8734436
22636,7.220299
22637,20.511938
22638,1.7977942
22639,7.2568583
22640,1.5277386
22641,1.1597251
22642,3.354894
22643,1.4045961
22644,14.594989
22645,17.519707
22646,33.552586
22647,1.6947424
22649,6.2759695
22650,6.4337053
22651,9.584604
22652,33.705257
22653,9.908495
22654,10.270054
22655,0.36501658
22656,0.16558477
22657,0.1328595
22659,57.441402
22660,2.9946961
22661,49.538097
22662,64.480934
22663,30.688295
22664,5.1157827
22665,7.7471
22666,69.273926
22667,30.615273
22668,13.148708
22669,10.7566595
22670,17.289227
22671,5.7447243
22672,9.391423
22673,5.142395
22674,7.9510717
22675,7.357751
22676,9.196293
22677,7.1980243
22678,6.903144
22679,5.926585
22680,6.258021
22681,5.2555056
22682,4.9826584
22683,5.047691
22684,4.048172
22685,3.6730542
22686,5.127307
22687,3.1756842
22688,1.7757561
22689,9.057156
22690,10.911709
22691,3.3110995
22692,11.796302
22693,62.546238
22694,36.479942
22695,9.047987
22696,11.176076
22697,66.86612
22698,56.952312
22699,85.72984
22700,0.8020798
22701,1.6863565
22702,1.9014646
22703,1.3328167
22704,37.43349
22705,10.570813
22706,8.181358
22707,6.294241
22708,18.958094
22709,4.691403
22710,21.982206
22711,15.569132
22712,37.656418
22713,15.826891
22714,16.212345
22715,7.6809826
22716,20.304878
22717,6.9861207
22718,9.631593
22719,0.34521016
22720,68.178856
22721,4.926424
22722,30.11473
22723,4.639916
22725,22.668423
22726,102.95236
22727,98.552086
22728,56.246975
22729,13.890238
22730,37.033974
22731,17.237385
22732,33.246334
22733,33.25698
22734,106.33275
22735,10.297108
22736,22.310078
22737,35.759052
22738,38.65147
22739,37.966286
22740,2.813904
22741,64.66322
22742,4.679134
22743,6.842483
22744,6.2215557
22745,18.839851
22746,12.360748
22747,7.870866
22748,20.449848
22749,29.437572
22750,29.028305
22751,17.3924
22752,15.183552
22753,8.909992
22754,13.101361
22755,10.815464
22756,3.7331746
22757,6.906713
22758,6.0375233
22759,61.793633
22760,0.81759214
22761,0.38331917
22762,1.495913
22763,2.970823
22764,0.214557
22765,0.23026262
22766,28.857126
22767,6.8246956
22768,8.216765
22769,0.18762368
22770,0.8742189
22771,42.753494
22772,15.324868
22773,8.330864
22774,8.074053
22775,14.411783
22776,9.560316
22777,0.26213288
22778,6.2456307
22779,9.9339285
22780,7.592244
22781,4.997584
22782,1.0384895
22783,0.28960696
22784,9.3187685
22785,1.4047832
22786,1.0005771
22788,0.26385567
22789,4.232811
22790,0.21539108
22791,69.47874
22792,26.169527
22794,2.7949178
22795,11.965844
22796,5.9084854
22797,1.2585545
22798,13.4919615
22799,1.4295813
22800,6.9309793
22801,7.1925354
22802,0.638052
22803,0.20120916
22804,20.486115
22805,7.1087785
22806,1.2209102
22807,4.451442
22808,0.36199334
22809,23.55281
22810,17.687914
22811,3.5516922
22812,26.409157
22813,19.38055
22814,9.365325
22815,11.564643
22816,71.385796
22817,10.621662
22818,60.09033
22819,13.772879
22820,2.8765237
22821,5.1095195
22822,2.0187404
22823,0.25908783
22824,0.3714753
22825,0.5093715
22826,0.8410426
22827,0.41649598
22828,0.14901964
22829,1.1702424
22830,0.20092829
22831,3.1995668
22832,1.056658
22833,0.18399002
22834,19.054857
22835,71.842964
22837,0.88914835
22838,4.855944
22839,3.1757288
22840,8.313625
22841,5.1770244
22842,4.480409
22843,2.7465296
22844,7.255491
22845,5.8498664
22846,6.419481
22847,10.992828
22848,1.9400371
22849,0.6019783
22850,0.050800785
22851,17.49043
22852,3.5734491
22853,3.27454
22854,0.81486607
22855,1.7442068
22856,1.4022796
22857,0.73203635
22858,0.57309294
22859,2.2648585
22860,0.65246105
22861,0.2185077
22862,0.3079004
22863,2.808906
22864,0.25730988
22865,185.44054
22866,134.5386
22867,135.28656
22868,0.24735846
22869,0.4954668
22870,0.36694357
22871,0.26420078
22872,0.25051233
22873,0.3068386
22874,0.25874913
22875,0.34356207
22876,0.24721785
22877,0.19683489
22878,0.2853627
22879,0.25790823
22880,0.37794498
22881,0.418883
22882,0.56314635
22883,0.33401537
22884,0.38928574
22885,0.39785635
22886,0.42344707
22887,0.3414101
22888,0.28528804
22889,0.47291178
22890,3.7387822
22891,3.327043
22892,15.609578
22893,5.2941236
22894,2.1786149
22895,15.580975
22896,8.509696
22897,11.482162
22898,23.351162
22899,19.246248
22900,27.011759
22902,6.8364043
22903,2.496031
22904,17.418148
22905,4.499332
22906,14.270191
22907,52.199608
22908,23.209148
22909,186.82564
22910,254.01752
22911,3.0234344
22912,1.8354609
22913,1.8722596
22914,2.5287156
22915,13.057866
22916,5.2931924
22917,5.359007
22918,5.2651753
22919,4.9351025
22920,5.8443832
22921,4.7564917
22922,6.8557057
22923,5.55248
22924,7.101059
22925,2.5933614
22926,0.3024801
22927,1.511135
22928,2.7431748
22929,0.23101327
22930,4.784573
22931,2.4063077
22932,2.6201286
22933,0.90417886
22934,0.7101449
22935,1.4670675
22936,0.708542
22937,3.5796676
22938,13.809164
22939,4.0871882
22940,42.620163
22941,26.596039
22942,10.398526
22943,19.960804
22944,35.347305
22945,52.803295
22946,6.6086125
22947,11.3739605
22948,8.693147
22949,6.65756
22950,78.68327
22951,56.158802
22952,335.62903
22953,2.9525425
22954,0.9337363
22955,7.013484
22956,8.342687
22957,0.7050886
22959,95.64771
22960,81.08914
22961,147.41187
22962,19.82827
22963,15.499585
22964,19.378336
22965,11.224539
22966,103.477486
22967,0.3959137
22968,1.7409271
22969,62.753292
22970,20.938747
22971,13.837363
22972,11.651009
22973,5.994827
22974,8.39419
22975,5.589846
22976,4.294278
22977,3.3459716
22978,11.242213
22979,24.107462
22980,11.750148
22981,2.2235732
22982,5.669905
22983,49.70705
22984,14.929399
22985,13.003588
22986,21.090324
22987,0.500311
22988,52.303295
22989,17.07939
22990,4.0337014
22991,29.719336
22992,45.5071
22993,139.1168
22994,16.056986
22995,14.098941
22996,33.745544
22997,20.030472
22998,104.56841
22999,17.861326
23000,22.948984
23002,14.922995
23003,0.30048433
23004,11.414689
23005,42.54991
23006,8.93463
23007,3.873728
23008,3.1139202
23009,1.9047157
23010,1.9721847
23012,19.376604
23013,15.224115
23014,12.3471
23015,0.45775568
23016,0.8595457
23017,0.87687224
23018,0.5413148
23019,0.7936798
23020,2.4204586
23021,1.1599009
23022,1.9314728
23023,1.8619541
23024,1.0585693
23025,3.9329762
23026,4.8876605
23027,2.483972
23028,8.755549
23029,13.724583
23031,13.785726
23032,29.468271
23033,6.1996207
23034,9.291798
23035,30.987047
23036,1.2945695
23037,1.3396372
23038,0.23859702
23039,1.5942394
23040,2.2256207
23041,3.430584
23042,1.1248475
23043,0.9014923
23044,0.88397384
23045,1.2378607
23046,2.1308374
23047,0.6972389
23048,5.9396067
23049,2.348347
23050,2.8896346
23051,2.0028794
23052,3.2456794
23053,1.4732628
23054,1.3723273
23055,2.1971385
23056,2.2616098
23057,2.4505477
23058,4.865824
23060,2.2904024
23061,6.734746
23064,0.83854085
23065,1.9680288
23066,1.6741711
23067,2.842277
23068,7.7239976
23069,1.0859084
23070,1.5188675
23071,1.4986895
23072,1.7453091
23073,1.6412361
23074,3.426326
23075,3.8822038
23076,73.10686
23077,109.023865
23078,51.09829
23079,3.7399542
23080,12.124216
23081,5.51372
23082,30.53056
23083,28.47993
23084,107.88872
23085,6.0828223
23086,5.8899183
23087,5.4459496
23088,4.776909
23089,18.329103
23090,23.349733
23091,5.198616
23092,4.2471795
23093,6.334528
23094,1.6567782
23096,12.583368
23099,1.2976449
23100,37.042576
23101,28.184874
23102,13.647272
23103,71.14136
23104,1.1109297
23106,2.461104
23107,2.6071103
23108,25.324282
23109,32.6179
23110,9.042834
23111,4.141739
23112,5.894835
23113,4.012033
23114,1.9680712
23115,2.02553
23116,0.7813351
23117,1.6719655
23118,9.511036
23119,14.408138
23120,9.064223
23121,11.423015
23122,11.538303
23123,6.057288
23124,0.86108994
23125,0.87834316
23126,13.977926
23127,8.51859
23128,4.4465384
23129,18.547428
23130,16.88974
23131,9.915455
23132,9.206802
23133,7.409683
23134,0.94321793
23135,2.7448282
23136,1.1163685
23137,0.5824637
23138,4.301388
23139,1.3145341
23140,0.9316539
23141,0.35173038
23142,0.6970882
23143,0.18594791
23144,43.467495
23145,22.045017
23146,9.276263
23147,20.150366
23148,23.002825
23149,0.5809854
23150,1.4279122
23151,0.38041183
23152,6.548132
23153,3.159831
23154,20.476376
23155,9.05511
23156,15.160322
23157,38.651886
23158,21.701183
23159,17.849775
23160,5.8445454
23161,7.0765495
23162,11.225071
23163,11.858347
23164,4.6503863
23165,24.854355
23166,71.26448
23167,32.454365
23168,28.298542
23169,24.211702
23170,56.629265
23171,40.564022
23172,29.004206
23173,22.603655
23174,20.704721
23175,21.615284
23176,15.108041
23177,15.912085
23178,1.7357252
23179,1.0497155
23180,0.7578083
23181,1.7041798
23182,23.205894
23183,1.9069691
23184,7.189316
23185,2.9392612
23186,11.87536
23187,16.988327
23188,59.512283
23189,18.185495
23190,17.329576
23191,29.571014
23192,41.224052
23193,9.334588
23194,9.793927
23196,27.200426
23197,17.326117
23198,63.801487
23199,136.1771
23200,90.99994
23201,152.759
23202,150.83566
23203,296.12982
23204,71.17847
23205,47.737778
23206,150.58139
23207,94.11355
23208,77.47734
23209,219.86218
23210,33.87
23211,24.227596
23212,28.140453
23213,19.098068
23214,11.433302
23215,58.36068
23216,3.8955932
23217,13.339173
23218,3.358399
23219,4.963022
23220,12.992865
23221,21.157425
23222,9.471427
23223,9.401234
23224,8.189662
23225,12.785656
23226,7.866998
23227,12.946507
23228,12.312709
23229,23.026459
23230,47.69753
23231,54.224827
23232,62.71377
23233,21.321949
23234,33.29061
23235,4.986204
23236,27.361412
23237,11.240475
23238,21.595213
23239,8.670105
23240,63.837494
23241,25.287863
23242,15.252047
23243,37.10044
23244,7.059869
23245,82.94623
23247,39.939167
23249,5.8796234
23250,9.91686
23251,11.359482
23252,7.0452414
23253,1.5703632
23254,18.689743
23255,8.088085
23256,22.755777
23263,75.47716
23264,43.211494
23265,38.030766
23266,42.041306
23267,16.991142
23268,13.320721
23269,9.624761
23270,13.768873
23271,22.607176
23272,3.3238215
23273,12.797821
23274,14.539712
23275,57.02183
23280,12.421844
23281,6.419751
23282,5.956225
23283,9.132022
23284,64.7081
23285,17.232323
23286,21.83043
23287,16.72751
23288,16.941755
23289,17.009466
23290,24.8104
23291,16.962439
23292,23.495243
23293,143.83113
23294,60.980976
23295,96.92902
23296,70.78371
23297,22.475119
23298,99.187775
23299,4.430377
23300,106.247154
23301,167.83405
23302,11.840015
23303,0.56039816
23304,0.5658923
23305,0.7051686
23306,19.082796
23307,150.7008
23308,54.451538
23309,73.550804
23310,158.21114
23311,60.20519
23312,25.752094
23313,63.020775
23314,6.8343887
23315,3.0449853
23316,4.2348585
23317,2.4804275
23318,74.28256
23319,81.4522
23320,54.33542
23321,100.39743
23322,68.18323
23323,32.684093
23324,4.3487473
23325,4.2855363
23326,30.277952
23327,10.459499
23328,49.15552
23329,35.78403
23330,35.51896
23331,16.57321
23332,39.704624
23333,41.05424
23334,28.046774
23335,4.4483995
23336,2.9178896
23337,2.639436
23338,4.7112193
23339,2.2762687
23340,28.640299
23341,4.485224
23342,7.2938976
23343,103.498825
23344,202.34158
23345,21.09825
23346,23.827295
23347,7.9738317
23348,13.839032
23349,59.331753
23350,60.884243
23351,84.47432
23352,30.834724
23353,80.184784
23354,88.77695
23355,164.04668
23356,63.17834
23357,7.0380416
23358,7.3328314
23359,14.984987
23360,15.803655
23365,23.498518
23366,28.005568
23367,58.568897
23368,37.964287
23369,10.211794
23370,18.935545
23371,21.542995
23372,16.788355
23373,20.421873
23374,34.515915
23375,24.996866
23376,36.400284
23377,16.791084
23378,54.385677
23379,10.060249
23380,27.946508
23381,12.719881
23382,25.021593
23388,11.26455
23389,17.399632
23390,10.820865
23391,5.613877
23392,7.214433
23393,17.996576
23394,8.1677265
23395,15.273951
23396,14.329269
23397,9.866177
23398,8.483783
23399,41.94188
23400,5.801343
23401,4.2024713
23402,4.88363
23403,9.1784935
23404,15.395027
23405,4.10011
23406,5.636414
23407,6.1402397
23408,5.8183036
23409,3.085724
23410,0.6781341
23411,3.0716796
23412,4.1923647
23413,2.373464
23414,2.8374758
23415,3.446741
23416,0.9684819
23417,1.1848272
23418,6.088055
23419,6.6168385
23420,1.8978202
23421,1.8427994
23422,2.5547621
23423,3.57745
23424,8.951104
23425,2.7268357
23426,24.131466
23427,4.65097
23428,0.81702447
23429,0.5588954
23430,0.48190135
23431,15.665534
23432,15.25482
23433,18.477966
23434,34.280293
23435,7.3558083
23436,22.717253
23437,28.768665
23438,20.86863
23439,74.33385
23440,0.3272714
23441,0.23310971
23442,0.42079893
23444,1.2531805
23445,43.762226
23446,0.35667852
23447,0.40491217
23448,0.17733423
23449,0.10480902
23451,4.510129
23452,8.34385
23453,5.1026235
23454,2.8048964
23455,2.3625453
23456,2.4024653
23457,1.3259561
23458,0.9119835
23459,0.585754
23460,1.8179232
23461,6.134357
23462,1.4551326
23463,0.18274122
23464,0.23081309
23465,0.5186046
23466,0.9711546
23467,0.23328649
23468,0.34484848
23469,4.753106
23470,3.999598
23471,1.1701573
23472,0.9788848
23473,7.216502
23474,3.3955674
23475,2.9660058
23476,1.8657027
23477,0.6743487
23478,1.1837366
23479,1.6910496
23480,25.039742
23481,2.153669
23482,3.2093492
23483,17.196728
23484,2.3874872
23485,3.2881086
23486,2.9908257
23487,1.5266721
23489,15.132035
23490,8.890523
23491,4.4205236
23492,1.0855473
23493,87.236305
23494,12.710282
23495,2.0576632
23496,1.0129851
23497,32.9658
23498,3.9217377
23499,16.194996
23500,21.364277
23501,21.97072
23502,9.886613
23503,99.13405
23504,33.110424
23505,11.548406
23506,33.588966
23507,21.432133
23508,30.69959
23509,8.116981
23510,22.886112
23511,8.595253
23512,4.487015
23513,6.249364
23514,6.5814013
23515,6.1249657
23516,3.2763622
23517,4.5344286
23518,3.556835
23519,1.7788193
23520,1.7959746
23521,2.3165655
23522,1.9757751
23523,3.272171
23524,3.7880511
23525,3.8580317
23526,7.741421
23527,3.6276908
23528,3.1383092
23529,3.2335196
23530,9.710301
23531,8.963363
23532,1.7075481
23533,1.7769496
23534,17.545162
23535,14.650085
23536,5.3222947
23537,1.2531412
23538,2.069312
23539,2.4012854
23540,0.80227935
23541,9.373719
23542,4.2103524
23543,8.164148
23544,1.2427645
23545,25.15732
23546,50.93467
23547,14.49498
23548,7.7334046
23549,12.234609
23550,13.744399
23551,23.508978
23552,4.7818313
23553,3.1418798
23554,2.6451163
23555,2.4481866
23556,2.59304
23557,1.3397506
23558,2.4452047
23559,8.485652
23560,0.7876282
23561,0.54537606
23562,1.1234014
23564,6.9349327
23565,3.5305805
23566,7.0138006
23567,1.7742743
23568,4.350924
23569,14.036264
23570,30.093195
23571,36.63313
23574,0.28228793
23575,0.87162226
23576,0.93980414
23578,0.48923078
23579,0.84516597
23580,0.92404693
23581,85.018295
23582,61.25974
23583,78.62404
23597,1.8594806
23598,2.856412
23630,0.059366494
23660,3.064376
23661,2.0664377
23664,0.058952205
23681,16.074015
23691,7.09151
23692,0.21676628
23694,1.8996757
23695,5.811734
23697,2.6067176
23702,0.114619784
23843,0.53334475
35001B,0.075082846
35001G,1.5754683
35001P,0.033456143
35001W,0.30048433
35004B,3.0193892
35004C,0.34843498
35004G,1.0503596
35004P,0.10128805
35004S,0.033456143
35015,0.34247264
35051B,0.033456143
35071,0.033456143
35085E,0.12342077
35095A,4.4007664
35095B,3.9351547
35096A,0.29827547
35096B,0.21539108
35160,0.3441353
35233,0.050800785
35240,0.13085252
35241,0.21530247
35265,0.16505213
35271S,0.21539108
35400,0.6603701
35443,0.16248377
35471A,0.22663625
35471D,20.410542
35537,0.050800785
35591T,0.13992642
35594,0.18483311
35596,0.117683806
35597A,0.054290794
35597B,0.075082846
35597D,0.25424176
35598A,0.13997954
35598B,2.9087472
35598C,0.07704983
35598D,4.4532275
35599B,2.314572
35599D,1.7080576
35600D,0.18399002
35603B,0.033456143
35603C,0.1328595
35607A,0.30048433
35607B,0.476515
35609A,0.23987696
35610A,0.18762368
35610B,0.18762368
35610C,0.17464364
35611B,0.054290794
35633B,0.1728367
35637A,2.125193
35637C,0.44509816
35638A,0.22095208
35638B,0.34461272
35644,0.09604395
35645,0.17078061
35646,4.149651
35647,0.30048433
35648,6.423093
35649,0.95465165
35650,0.043281183
35651,2.2272615
35652,0.075082846
35653,0.29463416
35654,0.050800785
35751C,0.033456143
35751D,0.033456143
35793,0.033456143
35809A,0.3606576
35809B,0.13547264
35810A,1.7740979
35810B,0.47516513
35811A,0.23328224
35815B,0.033456143
35815P,0.7950279
35816B,0.18762368
35816P,0.54884005
35817B,0.18762368
35817P,0.39590502
35818B,0.6664297
35818P,2.5706782
35819B,2.9867728
35819P,0.8102222
35821B,0.13547264
35821P,0.033456143
35822B,0.21539108
35822P,0.18399002
35823P,0.033456143
35824B,0.26385567
35824C,0.18762368
35824P,0.23266943
35832,0.3441353
35833G,0.17495157
35833P,0.62816167
35837,0.033456143
35838A,0.17495157
35838B,0.1328595
35840,0.033456143
35909A,0.09604395
35909B,0.075082846
35910A,0.13085252
35910B,0.122039706
35911A,1.2150874
35911B,0.13085252
35912B,0.44220757
35913B,0.2242588
35914,0.40051982
35915A,0.033456143
35915B,0.18762368
35915C,0.17641549
35916A,0.179347
35916B,0.12657048
35916C,0.19110423
35918B,0.039951548
35920,0.36045417
35921,0.18762368
35922,0.1328595
35923,5.449769
35924,2.1343024
35930,0.033456143
35931,0.17352596
35932,0.12342077
35933,2.0985472
35936,0.09677066
35937,0.18762368
35945,0.033456143
35950,0.033456143
35951,0.3630414
35953,62.12185
35954,7.5552473
35955,0.033456143
35957,0.34727785
35958,0.3606576
35961,25.272774
35962,0.25730988
35963,0.17352596
35964,6.93536
35965,0.55170864
35966,0.33713233
35967,3.7716017
35968,1.8963284
35969,0.25730988
35970,172.63814
35971,4.598583
35972,0.7988884
35973,0.09677066
35974,0.033456143
35976B,0.033456143
35979,0.033456143
35980B,0.033456143
35980C,0.23987696
35981C,0.25730988
35991,0.21711431
35995,0.033456143
35999,0.033456143
37112,0.039951548
37326,0.033456143
37327,3.7348924
37330,0.30048433
37333,0.17495157
37340,17.327318
37342,0.8924928
37343,0.35968128
37345,0.033456143
37348,0.054464538
37351,0.39845398
37352,0.38961586
37370,2.5039723
37379A,0.10128805
37379B,0.3630414
37399,0.033456143
37408,0.033456143
37409,0.050800785
37410,0.669225
37413,4.6209946
37422,0.23266943
37423,0.39383316
37424,0.39787006
37432,0.033456143
37438,0.033456143
37441,0.29827547
37444A,0.35812047
37444B,0.34902966
37444C,0.34210923
37446,8.140923
37447,5.4956303
37448,9.295322
37449,5.289752
37450,5.64259
37451,0.033456143
37461,0.23026262
37462B,0.1328595
37462E,0.1960989
37464,0.21539108
37467,0.6213159
37468,0.46536243
37471,0.34551284
37474,0.1328595
37475,0.60075593
37476,0.1837916
37477B,0.050800785
37477C,0.04765362
37479B,0.34521016
37479P,0.890535
37481,0.04765362
37482B,0.34280825
37482P,0.29827547
37483,0.18762368
37484,0.033456143
37485,0.050800785
37487B,0.1328595
37488A,0.12342077
37489A,0.37599334
37489B,0.28824094
37489C,0.17220671
37489D,0.57353455
37491A,0.050800785
37491B,0.057221718
37491C,0.07904842
37491D,0.06948177
37492A,0.033456143
37492B,0.231115
37492C,0.13085252
37492D,0.214557
37494A,0.13547264
37495,4.624865
37500,4.823618
37501,0.32326642
37502,0.30048433
37503,0.33968788
37506,0.10128805
37508,0.1328595
37509,0.10128805
40001,5.552988
40002,0.033456143
40003,0.3630414
40005B,0.24255225
40016,10.748353
40018E,0.21539108
40018F,0.36107084
40046A,0.6330468
40046C,0.033456143
44089A,0.20166485
44089C,0.19941851
44091A,0.09587386
44091C,0.13085252
44092B,0.106321864
44092C,0.17227747
44217M,0.1328595
44228,0.1780464
44230,0.21461298
44234,2.0651908
44235,1.2918874
44236,0.21126632
44241C,0.1328595
44242A,0.06838885
44242B,0.41477737
44265,0.050800785
45008C,0.1328595
45013,0.16783965
45014,0.033456143
45016,0.13547264
46000M,14.013805
46000P,0.36070454
46000R,1.6742952
46000S,20.892952
46000U,1.2938567
46037A,0.04765362
46115B,0.2185077
46118,1.7188581
46126A,0.22663625
46137D,0.13085252
46138B,0.24280056
46138D,0.033456143
46307,0.054464538
46775A,0.03455532
46775B,0.033456143
46775D,0.27538967
46775E,0.0670094
46776A,0.45279437
46776B,0.3479415
46776C,0.29180905
46776D,0.13219172
46776E,0.31838405
46776F,0.39595094
47013A,0.18762368
47013C,0.18762368
47016,0.1398544
47021G,0.29827547
47310M,2.352372
47341A,0.117683806
47341B,0.3358557
47343A,0.27608317
47344B,0.1328595
47347B,0.17352596
47348A,0.3691013
47351B,0.40836143
47367B,0.44305247
47369A,0.1474868
47369B,0.13159278
47420,1.0286654
47421,5.840936
47422,4.1086807
47469,1.2621775
47471,1.3394362
47480,3.137048
47481,0.954669
47502,0.23266943
47503A,34.81812
47503E,0.39777333
47503F,0.34970948
47503G,0.18762368
47503H,1.318466
47503J,0.21539108
47503K,0.34727785
47504E,0.36868262
47504F,0.28960696
47504G,0.214557
47504H,7.762087
47504J,0.033456143
47504K,19.769176
47505,0.3024801
47518F,2.5700955
47552A,0.050800785
47554,0.033456143
47556,0.033456143
47556B,0.38913053
47559B,19.356918
47562,0.13547264
47563A,1.9444398
47563B,0.050800785
47566,149.91927
47566B,8.379189
47567B,6.850422
47568,0.3455335
47569,0.033456143
47570,0.18762368
47570B,0.35189867
47574A,2.2468321
47574B,0.13085252
47578A,1.9599108
47579,0.18762368
47580,2.8469818
47581B,0.12342077
47583A,0.1328595
47583B,0.09677066
47585A,1.7628096
47586A,0.4706425
47587A,0.34917584
47589,0.18762368
47590A,20.58425
47590B,20.72993
47591A,0.17464364
47591B,0.3024801
47591C,0.3079004
47591D,51.710796
47592A,0.18762368
47592B,0.117683806
47593A,0.21461298
47593B,7.971768
47594A,1.0096378
47594B,0.77704173
47597,0.18483311
47598,0.17641549
47599A,10.409076
47599B,7.914458
48103,0.12342077
48111,8.299608
48116,5.099538
48129,7.4251766
48138,31.021534
48173A,0.033456143
48173C,9.756953
48175,0.033456143
48179,0.033456143
48184,18.31148
48185,13.537571
48187,28.892014
48188,12.517181
48189,0.36930895
48194,24.98301
48195,0.17464364
48197,0.30048433
51008,1.8704
51012C,0.06634797
51012L,0.033456143
51014A,47.563084
51014C,22.34666
51014L,19.26899
51020A,0.3606576
51020B,0.3606576
62018,6.4966316
62043B,0.1328595
62074B,0.12576318
62086A,0.18399002
62094B,0.21530247
62095B,0.2185077
62096A,0.23328224
62096B,0.21539108
62097A,0.033456143
62097B,0.054290794
70006,5.88119
70007,4.7613215
71028B,0.18399002
71038,2.292735
71050,0.38633463
71053,15.024634
71101A,0.033456143
71101E,1.2823066
71143,0.13547264
71215,0.18762368
71270,1.475707
71279,1.0324113
71403,0.6705645
71406C,1.0899211
71434B,0.033456143
71459,77.7161
71477,60.80166
71495A,0.30862677
71495B,0.52018
71496A,0.42289484
71496B,0.18253052
71510,0.50186175
72008,0.35637718
72023F,0.21461298
72024U,0.21461298
72038P,0.3024801
72045D,0.075082846
72051S,0.18762368
72083A,0.10128805
72084B,0.033456143
72122,2.1101067
72127,1.1119931
72128,1.5523832
72129,0.1328595
72130,1.7314968
72131,1.6979667
72132,0.9016559
72133,0.4829093
72134,0.7712246
72140E,0.39012378
72140F,0.18762368
72225C,2.9672244
72225D,0.3606576
72232,14.840198
72267,0.054290794
72349B,5.9503803
72351A,7.529189
72351B,13.201808
72369A,0.24033704
72484,0.35189867
72487,0.033456143
72529W,0.25730988
72586,8.738283
72598,4.842259
72606A,0.18483311
72708,0.09604395
72709,0.2083528
72715,0.1728367
72724,0.033456143
72728,0.29827547
72739B,0.21530247
72739C,0.21461298
72740A,0.033456143
72741,62.583416
72750A,0.23328224
72750B,0.26385567
72750C,0.18762368
72750D,0.13085252
72751A,0.033456143
72751B,0.033456143
72751C,0.033456143
72752A,0.033456143
72752B,0.033456143
72753A,0.1558476
72753B,0.21539108
72753C,0.033456143
72753D,0.1328595
72754A,0.1328595
72754B,0.033456143
72754D,0.033456143
72755C,0.25738144
72755D,0.23328224
72756,0.18399002
72760B,4.8968463
72771B,0.033456143
72771C,0.033456143
72772,0.2185077
72779,0.1272089
72780,1.0770876
72781,0.1328595
72783,0.17189689
72785A,0.039951548
72785B,0.039951548
72789,0.17352596
72793,0.1328595
72796A,0.04765362
72796B,0.10128805
72796C,0.033456143
72798C,0.09604395
72799A,0.1272089
72799B,0.033456143
72799C,0.78752446
72799D,0.1328595
72799E,3.2585607
72799F,1.5626723
72800A,0.17352596
72800B,1.690106
72800C,1.2665348
72800D,1.3402134
72800E,5.328612
72800F,0.18762368
72801C,1.0980508
72801D,0.93597186
72801E,0.3079004
72801F,0.117683806
72801G,1.4022337
72802A,2.2280324
72802B,5.322343
72802C,6.791075
72803A,1.5907845
72803B,0.1328595
72805,0.050800785
72807A,2.68662
72807B,2.9511547
72807C,5.9851074
72811,0.6440476
72812,0.23076262
72814,0.214557
72815,0.21461298
72816,4.1758394
72817,21.11253
72818,13.421649
72819,1.5887352
72821,0.1328595
75011,0.89770734
75013B,0.23328224
75049L,24.689674
75131,0.36930895
75149N,0.18762368
75172,0.17495157
75178,0.51975757
77079,0.1328595
77081,0.21539108
77101A,0.36107084
78026,0.054290794
78027,0.039951548
78033,0.29806718
78034B,0.11095722
78056,0.033456143
78124,1.5641551
79000,4.4091473
79026B,0.13085252
79029,0.34917584
79030A,0.18762368
79030D,1.324388
79030G,0.34210923
79051A,2.9460888
79062D,0.17575584
79063C,0.79319525
79063D,0.5262598
79065A,0.033456143
79066K,7.1890087
79067,0.34722048
79071B,0.18762368
79072,0.1728367
79140,0.075082846
79144B,0.9957952
79144C,0.40612337
79149B,0.21786802
79151B,0.076548584
79157B,0.08181595
79157V,0.13550253
79160,2.0575697
79161A,0.1955095
79163,1.6072001
79164,1.1933271
79172D,0.10128805
79190A,2.6341631
79190B,2.8975554
79190D,1.420114
79191B,1.5234189
79191C,5.668997
79191D,0.33914566
79192A,0.17495157
79301,0.033456143
79302M,3.0458567
79303A,0.033456143
79303B,0.17641549
79303D,0.13085252
79308B,0.18762368
79315W,0.21461298
79320,0.3079004
79321,92.01024
79323B,0.18762368
79323G,0.18762368
79323GR,0.23987696
79323LP,0.3606576
79323P,0.34551284
79323S,0.1558476
79323W,0.35329
79328,0.23328224
79329,0.10128805
79331,0.1328595
79336,0.7308234
79337,0.37021232
79338,0.23026262
79341,0.26385567
79342B,0.1263563
79403,0.4315343
79406,0.50455534
79413,0.075082846
79532,0.17495157
79534,0.17495157
81950B,0.32432932
81950V,0.12555252
81952B,0.2402927
81952V,1.9939938
81953B,0.07489389
81953P,0.13085297
81985A,0.09604395
82001S,9.467971
82011A,0.2095279
82011B,0.6029813
82011C,0.6279397
82011E,0.033456143
82069,0.039951548
82072,0.039951548
82076,0.18399002
82081,0.13547264
82093,0.09604395
82095,0.124512576
82482,108.450356
82483,30.098055
82484,41.63815
82486,29.49918
82494L,105.028366
82545A,0.12342077
82551,20.076391
82552,23.981876
82553,0.039951548
82567,6.651653
82578,16.6105
82580,44.54063
82581,30.401924
82582,41.442993
82583,61.57199
82585,0.18399002
82587,0.18399002
82597,0.3606576
82599,0.3455335
82600,35.680115
82605,0.21539108
82607A,0.30048433
82607C,0.1328595
82607E,0.17352596
82613A,0.26735705
82613B,1.626354
82613C,1.4064003
82613D,2.0341594
82615,0.26385567
82616A,0.214557
82616B,3.6605449
82616C,3.6138766
84006,8.318731
84007,0.13547264
84012,12.343384
84016,0.6624523
84029C,0.033456143
84029D,0.13085252
84029E,56.265358
84029G,36.93455
84030B,0.039951548
84030C,0.054464538
84030E,21.269754
84031A,2.6439815
84031B,1.9973156
84032A,7.599619
84032B,8.40836
84033,0.3786675
84050,12.059098
84051,2.3248851
84077,520.90857
84078A,3.2218165
84081,0.09383606
84086B,0.18928294
84086C,0.9322546
84192,0.86623883
84199,1.6745442
84201B,0.1476603
84201C,0.10052623
84205C,0.033456143
84206A,0.2986328
84206B,0.09458688
84206C,0.07105882
84212,18.194082
84218,0.21530247
84219,0.17495157
84226,0.13547264
84227,0.18399002
84228,0.29946512
84231,0.38307086
84247C,0.1328595
84247E,1.2759252
84247G,0.39538467
84247H,0.10128805
84247J,0.033456143
84247K,0.23732415
84247L,0.3606576
84247N,0.5508678
84249A,0.48283744
84249D,0.3079004
84250M,0.033456143
84251B,0.5400859
84251C,0.18483311
84251F,0.2185077
84251G,0.97610104
84251J,0.1263563
84255A,0.033456143
84255B,0.117683806
84270,0.70413387
84279B,0.29827547
84279P,4.227199
84288B,0.10128805
84292,0.13085252
84292B,0.04765362
84306,0.124512576
84311,0.054290794
84313A,0.12342077
84313B,0.18762368
84313C,0.30048433
84327A,0.31581
84340,0.033456143
84341B,6.475513
84347,131.982
84352,0.5148621
84356,2.1677783
84358,0.24235082
84360,0.52074265
84366,0.033456143
84367,0.1328595
84371,0.10128805
84375,48.078197
84378,50.555912
84380,48.90081
84387A,0.060195632
84388,0.12342077
84396,0.21539108
84402B,0.135104
84402D,0.2185077
84405A,0.18399002
84406B,14.534832
84414B,0.13547264
84415A,0.0670094
84415B,0.050800785
84422,0.76331747
84424A,0.09677066
84425A,0.054290794
84427B,0.054464538
84429A,0.3505353
84437A,0.17495157
84447,0.13085252
84450A,0.12342077
84450B,0.1328595
84452,0.2932314
84454,0.13547264
84455,0.13547264
84456,0.09604395
84457,0.35405403
84458,0.18483311
84459A,1.164165
84459B,0.34722048
84461,0.17464364
84462,0.17641549
84464,0.1328595
84465,0.14712517
84466,0.367622
84467,0.23026262
84469,0.3024801
84472,0.09604395
84482,0.13085252
84493,0.3630414
84497,0.22219668
84499,0.21530247
84507B,0.8044554
84507C,0.50822484
84508A,3.1304908
84508B,0.66548353
84508C,0.58881783
84509A,5.9549623
84509B,1.9325002
84509C,0.94493675
84509E,0.30801487
84509F,0.34917584
84509G,2.0561695
84510A,10.394079
84510B,0.35968128
84510C,0.9811071
84510E,0.5217592
84510F,0.36045417
84519A,3.6252081
84519B,4.1902337
84520B,0.39777333
84520D,0.21530247
84522,0.33660647
84526,0.1328595
84527,0.17283997
84529A,0.09604395
84529B,0.03455532
84529C,0.12342077
84531A,0.214557
84531B,0.21461298
84532B,0.09383606
84533B,0.12342077
84534B,0.304033
84535A,0.28960696
84535B,11.064857
84536A,32.15788
84536B,9.945531
84537B,0.1328595
84539,0.11849426
84546,0.09604395
84548,0.1263563
84549,0.1374704
84550,0.07335384
84551,0.09383606
84555A,0.13085252
84558A,3.4519937
84559A,3.1263843
84559B,2.1322417
84559D,0.17641549
84562A,0.18762368
84562B,0.033456143
84563A,0.17352596
84563B,0.17495157
84564,0.04765362
84567,0.050800785
84568,7.198951
84569A,1.1130383
84569B,0.23987696
84569C,0.23026262
84569D,1.7068919
84570B,0.033456143
84572,0.033456143
84575A,0.10128805
84575B,0.03455532
84576,0.18178053
84578,0.17641549
84580,4.8883758
84581,2.784013
84582,0.050800785
84584,0.21889055
84586L,0.050800785
84592,0.38421762
84593,0.10128805
84595B,0.21539108
84595E,0.2808546
84596B,43.643238
84596E,0.35968128
84596F,31.769386
84596G,11.710876
84596I,0.1328595
84596J,0.304033
84596K,0.23026262
84596L,2.618422
84597B,0.18762368
84597C,0.23026262
84598,2.1424997
84599,0.04765362
84600,0.7414506
84601A,0.21539108
84608,0.033456143
84609,1.2306124
84611B,0.04765362
84612B,0.09383606
84613A,0.09604395
84613C,0.1328595
84614A,0.06634797
84614C,0.033456143
84615,0.21539108
84616,0.34687892
84617,0.07670126
84619,0.1328595
84620,0.17495157
84621,0.09383606
84622,0.04765362
84623,0.1272089
84625A,1.6790633
84625B,0.17352596
84625C,1.4160101
84625D,0.30048433
84626,0.033456143
84627,0.13085252
84629,0.10971367
84630,0.033456143
84631,0.21530247
84632,0.07061819
84637,0.4494088
84638,0.4137545
84648,0.033456143
84653,0.054290794
84656,0.09383606
84657,0.21539108
84658,0.6867116
84659A,1.216733
84660A,4.70352
84660B,1.2472972
84660C,1.6209537
84661A,0.5773522
84661B,0.888095
84661C,0.30081978
84663A,0.9751002
84664,0.214557
84665,0.77200216
84666,0.21539108
84670,0.36868262
84671B,0.033456143
84673A,0.9187682
84673B,1.5167274
84674,1.2698066
84675,0.214557
84676,0.35968128
84678,0.30048433
84679,0.068901606
84680,0.1328595
84682,0.21539108
84683,0.25730988
84684,0.29827547
84685,0.23328224
84686,0.23845367
84687,0.87681884
84688,0.25730988
84689,0.23026262
84690,0.09383606
84691,0.3455335
84692,70.22639
84705A,0.054290794
84705B,0.033456143
84705C,0.075082846
84705D,0.050800785
84705F,0.039951548
84706A,0.18399002
84706B,0.054464538
84706C,0.124512576
84706D,0.21461298
84706F,0.32983124
84707A,0.55401444
84707B,0.32753617
84708B,0.5347133
84709A,0.09604395
84709B,0.17641549
84711A,0.16621757
84711B,0.18645114
84712B,0.31773475
84715,0.21539108
84720,0.124512576
84721,0.033456143
84723,0.20883721
84725,0.5858194
84726,0.21539108
84731,0.041921202
84732B,0.16373532
84732D,0.12252071
84741C,0.18762368
84743C,0.050800785
84744,0.4630627
84745A,0.1328595
84745B,0.1328595
84746,0.054290794
84748,0.5196797
84750A,0.23987696
84750B,0.30048433
84751B,0.1263563
84753A,0.1328595
84754,3.154999
84755,137.94066
84757,0.039951548
84760L,0.29827547
84760S,0.21539108
84761,0.21539108
84762A,0.1328595
84762B,0.1728367
84762C,0.13547264
84763,0.34551284
84765,0.033456143
84766,0.38299194
84767,0.033456143
84770,0.18762368
84773,0.18762368
84782A,0.18399002
84782B,0.050800785
84782C,0.1328595
84789,0.26377988
84791,0.21711431
84792,7.899847
84795A,0.21461298
84795B,0.53587556
84795C,0.2185077
84795D,0.20092829
84795E,0.050800785
84796A,0.21836725
84796B,0.25411043
84797A,0.23328224
84797B,0.23026262
84798A,0.18509412
84798B,0.20092829
84798C,0.054290794
84799,0.304033
84800L,0.3024801
84800M,0.44897228
84800S,0.5218857
84801A,0.36526173
84801B,0.21461298
84802A,0.18762368
84802B,0.25730988
84803A,0.17495157
84803B,0.1272089
84804A,0.43020457
84804B,0.548074
84805A,0.23234096
84805B,0.37541193
84806A,0.4406116
84806B,1.3650291
84807,0.21539108
84809A,0.21530247
84809B,0.22663625
84813,0.89824444
84814A,0.033456143
84814B,0.033456143
84815,0.35189867
84816,0.15963864
84817,2.3043063
84818,7.8822265
84819,2.0981302
84820,1.069258
84821,2.2196956
84823,0.18483311
84824,0.14879361
84826,3.3105586
84827,0.8638706
84828,3.5500195
84830,0.033456143
84832,33.28896
84836,94.657585
84837,0.21539108
84838,0.033456143
84839,0.36930895
84840,0.21711431
84842,0.8868842
84843,1.4862871
84845A,0.033456143
84845C,0.10128805
84845D,0.09383606
84846A,0.49298453
84847,0.4346461
84849A,1.5753388
84849B,0.3480803
84849D,4.1143336
84854,0.18762368
84855,0.09604395
84856L,0.21539108
84856S,0.21711431
84857A,0.050800785
84857B,0.10585391
84857C,0.21461298
84858A,0.13085252
84858B,0.23266943
84858C,0.23328224
84859A,1.5388193
84859B,0.7668518
84859C,1.4031656
84864A,0.039951548
84865,0.1328595
84867A,0.03455532
84868A,0.033456143
84868B,0.039951548
84869,0.21530247
84870B,0.22387055
84870C,0.31759894
84872A,0.052844502
84873A,0.04765362
84874B,0.17880858
84875A,0.054464538
84875B,1.2225189
84875D,0.7864244
84876B,1.7355204
84876C,0.033456143
84876D,0.51829576
84877A,0.13085252
84877B,0.5769692
84877D,0.38080978
84879,566.9393
84880,3.2157307
84881,0.13247606
84882,0.27738747
84884A,2.6298997
84886,0.054290794
84891B,0.050800785
84893,0.10128805
84898F,0.18762368
84899E,0.075082846
84899F,0.13547264
84901,0.1728367
84902,0.1263563
84905,0.18762368
84906,0.13085252
84907,0.23987696
84908A,0.25730988
84908B,0.25730988
84909A,0.21539108
84910A,0.2616264
84912A,0.6976492
84912B,1.4973403
84913A,0.29409754
84913B,0.6228161
84914A,0.03455532
84915,0.5420184
84916,0.21539108
84917,0.18762368
84918,0.17641549
84919,0.21530247
84920,0.6678864
84921,0.15236653
84922,0.18588506
84923,0.050800785
84924A,0.6785335
84924D,0.31581
84924F,0.4185827
84925A,0.075082846
84925C,0.09383606
84925D,0.214557
84925E,0.033456143
84925F,0.36867136
84926A,3.249144
84926B,0.09677066
84926C,0.13085252
84926D,3.3093007
84926E,4.541513
84926F,1.895983
84927A,0.31603652
84927D,0.4263816
84927E,0.319003
84927F,3.0169005
84929,10.821546
84931A,0.8840749
84931B,1.468739
84932A,0.21530247
84932B,0.21461298
84932C,0.2185077
84932D,0.21539108
84933A,0.17641549
84933B,0.17495157
84933C,0.17464364
84934,0.29827547
84937,0.34902966
84942,0.033456143
84944,2.087768
84945,94.5281
84946,249.51247
84947,85.145905
84948,0.17495157
84949,42.1986
84950,15.846146
84951A,1.6808957
84951B,1.3626437
84952A,0.42418414
84952B,0.6603471
84952C,0.36402008
84962,0.03455532
84963A,0.09604395
84963B,0.10612827
84964A,0.054290794
84964B,0.09383606
84965A,0.09604395
84965B,0.10128805
84966A,0.054464538
84966B,0.12342077
84966C,0.09677066
84967A,0.033456143
84967B,0.09604395
84967C,0.050800785
84968A,1.2991589
84968B,0.21530247
84968C,0.98276865
84968D,0.61763686
84968E,0.64824504
84968F,0.7155926
84969,2.6334782
84970L,49.56329
84970S,60.019886
84971L,0.25738144
84971S,11.711815
84972L,0.18399002
84974,0.50663847
84975,0.336689
84976,2.6338325
84977,0.214557
84978,91.11884
84984A,0.5485586
84984B,0.6178538
84984C,0.21539108
84984D,0.39424235
84985A,0.30048433
84985B,0.17641549
84986B,0.23266943
84987,24.868673
84988,28.493172
84989A,1.4969423
84989B,0.3079004
84990,0.3529577
84991,178.70523
84992,102.0445
84993A,2.2086062
84993B,0.34881443
84997A,15.217825
84997B,31.449594
84997C,28.909946
84997D,40.932327
85006,0.34727785
85007,0.1728367
85008,0.21539108
85014A,14.617482
85014B,20.942076
85014C,0.13547264
85014D,0.18762368
85015,17.698689
85016,0.34551284
85017A,0.35968128
85017B,6.8987274
85017C,0.35189867
85018A,0.0670094
85018B,0.0670094
85018C,0.039951548
85018D,0.3079004
85019A,2.1045256
85019B,3.4802222
85019C,0.25738144
85020,0.42436323
85023A,0.06634797
85023B,0.8384396
85023C,0.09677066
85024A,0.033456143
85024B,0.5893939
85024C,0.41683632
85025B,2.128717
85025C,0.7829875
85026B,0.525601
85027L,0.21461298
85028L,0.21711431
85028S,0.25738144
85030,0.21539108
85031A,0.23328224
85031B,0.25730988
85031C,0.23328224
85032A,8.338363
85032B,7.0572767
85032C,5.930636
85032D,6.657193
85033G,0.13547264
85033S,0.1328595
85034A,6.4807205
85034B,11.311345
85034C,14.629552
85035A,4.0487847
85035B,2.4107425
85035C,10.546582
85036A,2.371787
85036B,2.4487426
85036C,5.8447456
85038,7.4163857
85039A,3.6972742
85039B,3.186097
85039C,0.81387854
85040A,6.5098343
85040B,0.33968788
85041,0.3449577
85042,0.34902966
85043,0.033456143
85044,0.17495157
85045,0.9694609
85047,0.31581
85048,30.032013
85049A,60.610325
85049B,0.34902966
85049C,11.218756
85049D,1.1011629
85049E,48.289265
85049F,2.6782463
85049G,15.6418915
85049H,5.679955
85050,0.13085252
85053,18.208084
85054,3.8522773
85055,0.22663625
85059,2.510698
85060,0.34280825
85061W,16.638247
85062,8.255119
85063,0.21530247
85064,0.34247264
85065,0.30048433
85066,18.256933
85067,0.26385567
85068,0.35132626
85069,0.033456143
85070,0.03455532
85071A,10.83858
85071B,12.975546
85071C,7.362001
85071D,5.088066
85072,0.033456143
85078,9.380455
85079,0.033456143
85080,0.13547264
85081,0.1728367
85083,0.033456143
85084,0.30048433
85086A,0.25730988
85087,0.31195936
85088,1.2866094
85089,0.32679954
85090,0.1328595
85091,0.23266943
85092,0.25730988
85093,1.1216033
85094,2.6610398
85095,0.46712136
85096,0.4689551
85097B,0.1328595
85098B,0.2185077
85099B,627.29504
85099C,149.6392
85099F,131.10269
85103,0.21555822
85104,0.6497591
85106,0.7330889
85107,3.2486112
85109,0.36868262
85110,0.43741125
85111,9.836745
85112,0.033456143
85113,0.21539108
85114A,2.8765137
85114B,4.2127395
85114C,4.007944
85115B,0.03455532
85116,1.8389251
85117,0.18762368
85118,0.35408568
85119,0.214557
85121B,0.13085252
85121C,0.1328595
85123A,504.97098
85124A,0.23266943
85124B,1.056773
85124C,0.7544503
85125,1.2416319
85126,0.1868608
85127,0.6896117
85128,0.033456143
85129A,0.23328224
85129B,0.32083616
85129C,0.6786414
85129D,1.2767473
85130A,0.3024801
85130B,5.3231387
85130C,4.1511397
85130D,2.6890306
85131A,0.6229499
85131B,1.7814641
85131C,1.2407373
85131D,1.8261608
85132A,0.35189867
85132B,0.3079004
85132C,3.9418976
85135A,0.2713457
85135B,0.4653449
85135C,0.86803436
85136A,0.6636587
85136B,0.1272089
85136C,0.64632684
85141,0.18762368
85142,0.1263563
85144,0.2185077
85145,0.13547264
85146,0.18399002
85147,0.054464538
85150,39.635483
85151,0.033456143
85152,76.80589
85159A,1.4914507
85159B,2.9032717
85160A,0.4224334
85160B,1.8432848
85161,0.2111044
85162A,0.25730988
85162B,0.3079004
85162C,0.29827547
85163A,0.556279
85163B,0.2248764
85164B,0.18399002
85165,0.0670094
85166A,0.033456143
85166B,0.21530247
85167A,0.12342077
85167B,0.30048433
85168A,0.06634797
85168B,0.2906171
85169A,2.645174
85169B,0.88785607
85169C,0.5115854
85169D,0.9285741
85170A,0.304033
85170B,0.9271983
85170C,1.4492556
85170D,2.1252432
85171,0.033456143
85172,6.6138983
85173,2.834738
85174,3.040865
85175,35.04633
85176,7.2664447
85177,3.9078214
85178,14.933793
85179A,1.0894481
85179B,0.18762368
85179C,0.4622788
85180A,1.028568
85180B,0.78808796
85183A,5.158609
85183B,7.8253508
85184B,0.06634797
85184C,4.255914
85184D,0.4070573
85185B,2.2858162
85185C,0.13085252
85185D,0.18762368
85185E,0.033456143
85185F,0.054290794
85186A,0.34521016
85186B,0.0670094
85186C,0.67226845
85187,0.5602092
85188A,0.35189867
85188B,0.3024801
85189,0.31581
85190,0.13547264
85192S,0.03455532
85194L,0.6635687
85194S,4.579343
85195,0.13085252
85196,0.34247264
85197,0.3874492
85198,0.36577186
85199L,10.391986
85199S,29.988422
85200,0.3606576
85202,1.9117908
85203,2.7317836
85204,8.469033
85205A,0.1328595
85205B,0.21539108
85206A,0.3455335
85206B,0.34280825
85208,0.93883544
85211,0.5523668
85212,7.567927
85213,0.44411287
85214,0.4254885
85215,0.53753716
85216,0.8170827
85217,0.34843498
85218,0.34902966
85220,0.42770296
85221,0.3455335
85222,0.3024801
85224,0.34722048
85225,0.100933716
85226A,0.36045417
85226C,0.26385567
85227,12.032963
85230A,2.7284036
85230B,6.435129
85230C,0.033456143
85230D,0.033456143
85230E,2.058705
85230F,1.6600434
85230G,2.9611175
85231B,8.531157
85231E,0.30048433
85231G,3.6219115
85231L,0.3024801
85232A,0.23328224
85232B,0.34843498
85232C,0.033456143
85232D,2.49527
90000A,0.17265776
90000B,0.06634797
90000C,0.033456143
90000D,0.12568995
90001A,0.039951548
90001B,0.07927609
90001C,0.06639147
90001D,0.10568477
90002A,0.117683806
90002B,0.075082846
90002C,0.09604395
90002D,0.1728367
90002E,0.054290794
90003B,0.12999557
90003C,0.1911452
90003D,0.20592503
90003E,0.120845795
90004A,0.033456143
90005A,0.1263563
90010A,0.18074004
90010B,0.13085252
90010E,0.21854672
90011A,0.053459376
90011B,0.08253877
90011C,0.033456143
90011E,0.033456143
90012A,0.13203444
90012B,0.1280955
90013A,0.25259724
90013B,0.09604395
90013C,0.21210147
90013D,0.117683806
90014A,0.2605955
90014B,0.15360801
90014C,0.13690338
90016A,0.19124834
90016B,0.155069
90016C,0.04765362
90018A,0.29522267
90018B,0.100653514
90018C,0.15747023
90019A,0.33348805
90019B,0.089835145
90019C,0.12677091
90020,0.033456143
90021,0.039951548
90022,0.09053955
90023,0.134969
90024A,0.039951548
90024B,0.1116591
90024C,0.039951548
90024D,0.054464538
90024E,0.054290794
90024F,0.03455532
90025A,0.0604339
90025B,0.033456143
90025C,0.033456143
90025D,0.033456143
90025E,0.03455532
90025F,0.060552947
90026A,0.050800785
90026B,0.039951548
90026C,0.08355581
90026D,0.07741864
90027A,0.04765362
90027B,0.03455532
90027C,0.039951548
90027D,0.050800785
90028,0.086057395
90029,0.09383606
90030A,0.57762307
90030B,0.86194235
90030C,0.69033146
90031,0.32750946
90032,0.23328117
90033,0.039951548
90034,0.033456143
90035A,0.075082846
90035B,0.033456143
90035C,0.039951548
90036A,0.11300503
90036B,0.102234654
90036C,0.12843758
90036D,0.10128805
90036E,0.13886063
90036F,0.06634797
90037A,0.09383606
90037B,0.09677066
90037C,0.09383606
90037D,0.04765362
90038A,0.1213495
90038B,0.054290794
90038C,0.06634797
90039A,0.050800785
90039B,0.06634797
90039C,0.06634797
90039D,0.10576924
90040A,0.09383606
90040B,0.1272089
90040C,0.14080493
90040D,0.09677066
90041,0.03455532
90042A,0.10128805
90042B,0.050800785
90042C,0.124512576
90043,0.07730456
90046,0.06634797
90048,0.10128805
90049,0.14028123
90050,0.08308223
90051,0.10417594
90052,0.033456143
90054,0.0604339
90055,0.033456143
90056,0.04765362
90057,2.9077458
90058A,1.5126215
90058B,4.1788177
90059A,0.1222637
90059B,0.1308161
90059C,0.13124484
90059D,0.13382676
90059E,0.14841668
90059F,0.15195519
90060B,0.039951548
90060C,0.033456143
90060D,0.04765362
90060F,0.050800785
90062,0.13547264
90063A,0.19463429
90063B,0.15376243
90064A,0.054290794
90064B,0.16583213
90065A,0.075082846
90065B,0.07264298
90066A,0.039951548
90067A,0.124787256
90067B,0.04765362
90069,0.09157341
90070,0.18262096
90071,0.0604339
90072,0.10550575
90073,0.09806151
90074,0.07665294
90075,0.039951548
90076,0.04765362
90077,0.033456143
90078,0.050800785
90079,0.08115291
90081A,0.21512322
90081B,0.04765362
90081C,0.16364956
90082A,0.21266417
90082B,0.20664097
90082C,0.033456143
90082D,0.17218453
90083,0.20695585
90084,0.10128805
90085,0.20337138
90086,0.69097227
90087,0.62175864
90088,0.13085252
90089,0.14236148
90090,0.18762368
90091,0.03455532
90092,0.1263563
90093,0.33157113
90094,0.2349719
90095,0.050800785
90096,0.17798576
90098,0.40675214
90099,0.29829997
90100,0.09604395
90101,0.16897005
90102,0.09383606
90103,0.086883724
90104,0.1328595
90108,0.30863354
90111,0.039951548
90112,0.1328595
90114,0.41272438
90115,0.117683806
90116,0.18023664
90118,0.08373748
90119,0.91740656
90120A,0.1328595
90120B,0.28365794
90120C,0.26823413
90120D,0.17495157
90121B,0.039951548
90122A,0.1263563
90122B,0.12342077
90122C,0.17761464
90123A,0.13808896
90123B,0.11699721
90123C,0.11699721
90123D,0.09677066
90124A,0.15869682
90124B,0.09383606
90124C,0.15272065
90125A,0.18399002
90125B,0.101369314
90125C,0.13547264
90125D,0.1558476
90125E,0.033456143
90126A,0.09383606
90126C,0.09383606
90127A,0.054464538
90127B,0.033456143
90128A,0.09383606
90128B,0.09383606
90128C,0.0670094
90128D,0.03455532
90129A,0.12342077
90129B,0.28196707
90129C,0.24826579
90129D,0.19544502
90129E,0.15629698
90129F,0.23091853
90130A,0.11275688
90130B,0.11851629
90130C,0.033456143
90130D,0.04765362
90131,0.050800785
90133,0.16824467
90134,0.04765362
90135,0.04765362
90135A,0.050800785
90136,0.03455532
90137,0.075082846
90138,0.054290794
90139,0.03455532
90140,0.03455532
90141A,0.042758964
90141B,0.0504368
90141C,0.042758964
90141D,0.037360586
90141E,0.042758964
90142D,0.09176788
90143,0.16649452
90144,0.09677066
90145,0.36487263
90146,0.20126615
90147,0.29154184
90148,0.14731702
90149,0.2953324
90150,0.054290794
90151,0.08505346
90152A,0.065525144
90152B,0.039951548
90152C,0.050800785
90154,0.2739278
90155,0.17422149
90156,0.118193366
90157,0.19604455
90158,0.25653827
90159,0.15140273
90160A,0.2750297
90160B,0.28187448
90160C,0.42031896
90160D,0.3085315
90161A,0.17504065
90161B,0.6105871
90161C,0.66614157
90161D,0.3477778
90162A,0.1537743
90162B,0.36671853
90162C,0.20025738
90162D,0.1660988
90163A,0.09088949
90163B,0.039951548
90164A,0.17178613
90164B,0.2832441
90165A,0.04765362
90165B,0.06634797
90166,0.23715587
90167,0.34247264
90168,0.08746576
90169,0.09853687
90170,0.24991575
90171,0.054290794
90173,0.117683806
90174,0.14231919
90175A,0.1328595
90175B,0.0670094
90175C,0.15607065
90175D,0.10128805
90176A,0.078215525
90176B,0.07355991
90176C,0.07905555
90176D,0.14684671
90176E,0.091816984
90177A,0.08102983
90177B,0.0670094
90177C,0.10550575
90177D,0.1890645
90177E,0.08373748
90178A,0.14412281
90178B,0.0670094
90179A,0.08761983
90179B,0.039951548
90179C,0.054290794
90180A,0.15474074
90180B,0.062265106
90181A,0.061289076
90182C,0.08102983
90183A,0.23225206
90183C,0.033456143
90184A,0.12617768
90184B,0.29808503
90184C,0.20485383
90185A,0.15879959
90185B,0.14911276
90185C,0.18349403
90185D,0.13085252
90186A,0.14322965
90186B,0.19376427
90187A,0.033456143
90187B,0.04765362
90188,0.08445764
90189A,0.099886864
90189B,0.03455532
90190A,0.054290794
90190B,0.09604395
90190C,0.08820795
90191,0.32267457
90192,0.34149623
90194,0.20570873
90195A,0.18962577
90195B,0.15140273
90196A,0.092942916
90196B,0.09106478
90197B,0.04765362
90197D,0.050800785
90198A,0.32282567
90198B,0.29715696
90199A,0.10966092
90199B,0.12789255
90199C,0.37150282
90199D,0.09287432
90200A,0.46080697
90200B,0.55774945
90200C,0.18483311
90200D,0.784101
90200E,0.59267515
90201A,0.46873388
90201B,0.45129365
90201C,0.4806735
90201D,0.4384407
90202A,0.08373748
90202B,0.08373748
90202C,0.08373748
90202D,0.13415328
90203,0.1328595
90204,0.16480969
90205A,0.20907661
90205C,0.20490475
90206A,0.10131013
90206C,0.20869386
90208,0.2900955
90209A,0.6140219
90209B,0.58907104
90209C,0.88183737
90210A,0.1328595
90210B,0.33520734
90210C,0.1942101
90210D,0.43099684
90211A,0.13690382
90211B,0.102763265
90212B,0.075082846
90212C,0.08698349
90214A,0.4364957
90214B,0.096535146
90214C,0.27309075
90214D,0.24328637
90214E,0.2566289
90214F,0.10321436
90214G,0.20664348
90214H,0.2032345
90214I,0.13177215
90214J,0.20616089
90214K,0.26176742
90214L,0.25748718
90214M,0.2106843
90214N,0.18063232
90214O,0.096535146
90214P,0.14591993
90214R,0.13442992
90214S,0.28480127
90214T,0.1219697
90214U,0.0626158
90214V,0.09149531
90214W,0.063251466
90214Y,0.1820829
90214Z,0.07099127
ADJUST,0.12342077
ADJUST2,0.03455532
SP1002,0.039951548
TEST001,0.10128805
TEST002,0.033456143
